nos_title,nos_sector,nos_code,zqf_level,nos_description,top_match_esco_code,top_match_esco_label,top_match_similarity,top_match_esco_description,candidate_2_label,candidate_2_sim,candidate_3_label,candidate_3_sim,candidate_4_label,candidate_4_sim,candidate_5_label,candidate_5_sim
Agricultural Engineer,Agriculture,NOS. AE.01,7,"Agricultural engineers solve problems concerning power supplies, machine efficiency, the use of structures and facilities, pollution and environmental issues, and the storage and processing of agricultural products",2144.1.2,agricultural engineer,90.9,"Agricultural engineers intervene in a variety of matters within the agriculture field in combination with engineering concepts. They design and develop machinery and equipment for an efficient and sustainable exploitation of the land. They advise on the use of resources in agricultural sites comprising the usage of water and soil, harvesting methods, and waste management.",agricultural equipment design engineer,90.2,agricultural scientist,87.3,food production engineer,86.4,,
Agricultural Plant Inspector,Agriculture,NOS. API.01,6,"The Agricultural Plant Inspector, inspects agricultural produce, equipment, and facilities to ensure compliance with laws and regulations governing health, quality and safety",3359.1,agricultural inspector,90.8,"Agricultural inspectors monitor agricultural operations in farms and other agricultural facilities. They inspect activities such as health and safety measures, costs and production processes to ensure that workers and their activities comply with proper legislation and standards. Agricultural inspectors also analyse and report on their findings.",product quality inspector,88.2,food safety inspector,87.7,health and safety inspector,87.3,,
Agricultural Research Technologist,Agriculture,NOS.ART.01,6,"An Agricultural Research Technologist is responsible for enforcing health and safety regulations in the field and laboratory, monitoring the preparation of fields, establishing research trials, collection of data, collection of field samples, monitoring harvesting, analysing data, setting up and maintaining laboratory, preparation of laboratory samples and analysis, operating laboratory and field equipment",3142.1,agricultural technician,88.7,Agricultural technicians collect and conduct experiments and tests on agriculture and aquaculture specimens. They provide support to scientists and farmers and also analyse and report on conditions in the collected specimens' environments.,agricultural scientist,88.3,agronomist,86.9,agricultural engineer,86.9,,
Agricultural Marketing Officer (AMO),Agriculture,NOS. AMO.01,7,"The AMO works to manage and supervise the marketing information, the agricultural trade promotion and agricultural finance support, marketing infrastructure and requirements and oversees the marketing research activities",2422.18,trade development officer,85.9,"Trade development officers develop and implement trade policies both internally and in international import and export relations. They analyse the domestic and foreign markets in order to promote and establish business operations, and ensure trade proceedings are compliant with legislation and businesses are protected from distortions.",agricultural policy officer,85.9,import export manager in agricultural machinery and equipment,85.5,"import export manager in agricultural raw materials, seeds and animal feeds",85.4,,
Agronomist,Agriculture,NOS. A.01,7,"An Agronomist should work towards increased crop production and productivity to ensure food security, nutrition and household incomes. The job holder is required to do the following; Planning for the subsequent cropping season to ensure timeliness. Conducting research that responds to agronomic challenges. Implementing all crop/plant husbandry practices ranging from land preparation to harvesting. Designing, initiating, training and disseminating strategies in improving crop production and management. Providing support and knowledge of agricultural products to clients to create demand",2132.2,agronomist,89.5,"Agronomists provide consulting services to companies, agricultural cooperatives, agronomical crop growers and horticultural crop growers on the cultivation of food crops. They study the science, technology and business related to growing plants. They examine crops and perform experiments in order to improve crop yields and farms' production. Agronomists also examine the most effective ways to harvest and cultivate plants.",crop production manager,88.1,agronomic crop production team leader,87.5,crop production worker,87.3,,
Animal Science Laboratory Technologist (ASLT),Agriculture,NOS.ASLT.01,6,"The ASLT is responsible for receiving samples at the laboratory, preparing them for analysis, preparing the work area, managing biosecurity and conducting laboratory tests and examinations. They also oversee and take care of laboratory animals, maintain biosecurity at the laboratory and in the animal cages. In addition, they are responsible for sterilization and maintenance of laboratory equipment, and demonstration of techniques to students",3141.2.5,zoology technician,86.6,"Zoology technicians provide technical assistance in researching and testing animal species using laboratory equipment. They aid in research concerning animals as well as their environments and ecosystems. They collect and analyse data, compile reports and maintain laboratory stock.",scientific laboratory technician,86.3,medical laboratory assistant,85.8,animal facility manager,85.6,,
Dairy Farm Supervisor,Agriculture,NOS.DFS.01,4,"The Dairy Farm Supervisor is the main person responsible for overseeing the day-to-day hygienic milking of animals in a Dairy. Their tasks include caring for the animals, carrying out the milking process, and handling the milk until collection or cooling",7515.2,farm milk controller,89.8,Farm milk controllers are responsible for measuring and analysing the production and quality of the milk and providing advise accordingly.,animal feed supervisor,88.2,dairy processing operator,87.2,farm manager,87.0,,
Dairy Scientist,Agriculture,NOS. DS.01,9,"Oversees field research on nutrition, dairy production, genetics and reproduction of dairy animals and transfer of the new technology, knowledge and information to dairy stakeholders",3122.1,dairy processing technician,87.1,"Dairy processing technicians supervise and coordinate production processes, operations, and maintenance workers in milk, cheese, ice cream and/or other dairy production plants. They assist food technologists in improving processes, developing new food products and establishing procedures and standards for production and packaging.",agricultural scientist,86.5,veterinary scientist,85.6,animal feed nutritionist,85.3,,
Fisheries Extension Provider,Agriculture,NOS.FEP.01,6,"This job role is responsible for the provision of fisheries extension services to the fisher folks and aquaculture extension services to fish farmers ranging from site selection to harvest. The Fisheries Extension Provider is also responsible for timely enforcement of regulations in order to conserve fish resources, licensing of fisher folks and registration of fishers, in order to attain the objectives of the section",2132.4,fisheries adviser,88.6,Fisheries advisers provide consultancy on fish stocks and their habitats. They manage the costal fishing business modernisation and provide improvement solutions. Fisheries advisers develop plans and policies for fisheries management. They may provide advice on protected farms and wild fish stock.,fisheries observer,86.9,fisheries assistant engineer,86.9,aquaculture harvesting manager,86.2,,
Fisheries Officer,Agriculture,NOS.FO.01,7,"The Fisheries Officer is responsible for management, conservation and protection of fisheries resources. They supervise the enforcement of fisheries regulations, transfer of fishing technologies to fisherfolk communities and participate in habitat improvement programmes",2132.4,fisheries adviser,88.1,Fisheries advisers provide consultancy on fish stocks and their habitats. They manage the costal fishing business modernisation and provide improvement solutions. Fisheries advisers develop plans and policies for fisheries management. They may provide advice on protected farms and wild fish stock.,fisheries master,87.7,fisheries observer,87.7,nature conservation officer,87.7,,
Agricultural Economist,Agriculture,NOS.AE.01,7,"Studying and analysing the aspects that influence the agricultural economy and distribution of resources, such as land, raw materials, labour and capital",2631.2,economist,86.5,"Economists perform research and develop theories in the field of economics, whether for microeconomic or macroeconomic analysis. They study trends, analyse statistical data, and to some extent work with economic mathematical models in order to advise companies, governments, and related institutions. They advise on product feasibility, trend forecasts, emerging markets, tax policies, and consumer trends.",agricultural scientist,86.2,business economics researcher,86.0,agronomist,85.6,,
Agricultural Extension Officer,Agriculture,NOS.AEO.01,4,"An agriculture extension officer gives talks, guidance and actual demonstrations on latest technologies related to agriculture. He/she also works with other experts in agriculture to learn more or develop new methods that advance production and productivity",3142.1,agricultural technician,88.3,Agricultural technicians collect and conduct experiments and tests on agriculture and aquaculture specimens. They provide support to scientists and farmers and also analyse and report on conditions in the collected specimens' environments.,agricultural scientist,87.8,agronomist,87.6,agricultural engineer,87.2,,
Animal Breeder – Geneticist,Agriculture,NOS. AB.01,9,"An Animal Breeder-Geneticist works with research management and technical production teams to evaluate, select and mate animal populations in order to maximize desirable genetic traits and consequently improve/optimize production and productivity",6121.1,cattle breeder,85.8,Cattle breeders oversee the production and day-to-day care of cattle. They maintain the health and welfare of cattle.,dog breeder,85.7,animal facility manager,85.3,poultry breeder,84.8,,
Animal Nutritionist,Agriculture,NOS. AN.01,9,"Responsible for creating rations and balancing nutrition, to make sure that different animals’ dietary needs are met",2131.2,animal feed nutritionist,92.0,"Animal feed nutritionists analyse the nutritional value of animal feeds in order to provide dietary advice to agricultural, manufacturing, zoological and public sector staff. They undertake research on nutritionally balanced food stuffs and maintain awareness of technical and scientific developments on the subject.",animal feed supervisor,87.0,livestock advisor,86.4,veterinary scientist,86.2,,
Aquacultural Economist,Agriculture,NOS.AE.01,7,"An Aquacultural Economist is responsible for the development & implementation of programmes for the aquaculture industry. Further, the job holder is expected to do Economic analysis & modelling of aquaculture and Capacity development in support for aquaculture industry",2133.2,aquaculture environmental analyst,88.8,"Aquaculture environmental analysts assess, plan and implement programmes to recognise, monitor and control environmental factors that can potentially affect the health of aquatic animals and plants.",aquaculture biologist,87.0,aquaculture production manager,86.9,fisheries adviser,86.8,,
Livestock Artificial Inseminator,Agriculture,NOS.LAI.01,6,"The role of the Livestock Artificial Inseminator is to plan and implement an artificial insemination program, including synchronization of heat. The role also includes a working knowledge of how to store, transport, thaw and prepare semen for insemination, and to offer reproductive consultation to breeders and farmers of livestock",3240.2.1,animal artificial insemination technician,90.0,"Animal artificial insemination technicians are in charge of the impregnation of an animal using collected semen, in accordance with national legislation.",livestock advisor,87.1,animal embryo transfer technician,86.0,livestock worker,85.2,,
Pond Worker,Agriculture,NOS.PW.,3,"The job of a pond worker involves preparing ponds for stocking, feeding the organisms under culture systems, checking growth, protection of organisms against predators, ensuring that the water quality is within the recommended range and eventually responsible for harvesting of the organism",6221.7,aquaculture husbandry worker,89.2,Aquaculture husbandry workers are active in the production of aquatic organisms in land-based on-growing processes. They assist in the process of raising organisms through all stages of their life cycle.,aquaculture husbandry technician,88.2,water-based aquaculture technician,88.1,water-based aquaculture worker,87.8,,
Scuba Diver,Agriculture,NOS. SD.01,4,"The role of a SCUBA Diver is to perform commercial diving activities and underwater operations in inshore waters. The spectrum of SCUBA diving includes industrial tasks (Inspecting nets and enclosures, locate or recover submerged automobiles, boats, logs, articles, search for bodies and administer first aid and CPR in case of emergencies) performed from just below the water to 30m depth",7541.3,rescue diver,87.3,"Rescue divers are divers that manage underwater emergencies. They prevent and manage problems underwater, handle dive emergencies and operate rescue equipment. Rescue divers manage diving operations in seas or waterways. They work under demanding physical conditions to rescue and retrieve people or objects.",construction commercial diver,87.0,underwater construction supervisor,84.7,deep-sea fishery worker,84.6,,
Livestock Slaughter Supervisor,Agriculture,NOS. LSS.01,3,"Ensure that animals and carcasses are managed safely and hygienically before, and throughout the slaughter process",3122.4.1,animal feed supervisor,84.4,"Animal feed supervisors supervise the manufacturing process of animal feeds. They control quality, take samples for labs, follow up on lab results and take measures according to the results.",halal slaughterer,83.9,livestock advisor,83.8,meat and meat products distribution manager,83.8,,
Aquaculture Farmer,Agriculture,NOS. AF.01,4,An Aquaculture Farmer is responsible for growing aquatic organisms in culture system and managing the stock from fish seed to marketable size,1312.2,aquaculture husbandry manager,92.2,"Aquaculture husbandry managers specialise in the husbandry of ongrowing aquatic species, especially in the feeding, growth, and stock management processes.",aquaculture production manager,91.6,aquaculture harvesting manager,91.4,aquaculture husbandry worker,90.9,,
Aquaculture Technician,Agriculture,NOS.AT.01,6,An Aquaculture Technician is responsible for maintaining all aspects of the fish farm and farm organisms which are used as food and also exported,6221.6,aquaculture husbandry technician,92.1,"Aquaculture husbandry technicians operate in aquatic organisms' production, specialising in the husbandry of ongrowing culture processes, especially in feeding and stock management.",aquaculture rearing technician,91.6,aquaculture hatchery technician,90.8,water-based aquaculture technician,90.7,,
Fish Seed Grower,Agriculture,NOS.FSG.01,5,Fish Seed Grower is responsible for the seed production of aquatic organisms cultured in water aquaculture habitat,6221.9,aquaculture rearing technician,90.2,"Aquaculture rearing technicians operate in aquatic organisms' production. They are specialists in the rearing, weaning and production of juveniles.",water-based aquaculture technician,90.0,aquaculture hatchery worker,89.7,aquaculture hatchery technician,89.6,,
Fisheries Extension Assistant,Agriculture,NOS.FEA.01,5,"A Fisheries Extension Assistant is responsible for making field visits, mobilising members of the fishing community for extension training, gathering of information and other activities at community level",7233.3,fisheries assistant engineer,87.8,"Fisheries assistant engineers assist the marine chief engineer with checking operations and maintenance of the propulsion plant, machinery and auxiliary equipment of the ship. They collaborate on security, survival and health care on board, observing the national and international standards of application.",fisheries observer,87.3,fisheries adviser,87.0,community health worker,85.6,,
Senior Agriculture Officer,Agriculture,NOS.SAO.01,7,"The SAO works with the Research and Development team to market and transfer the technology, products, knowledge and information to the farmers, acting as a bridge between the Ministry of Agriculture and farmers increasing their productivity and profitability",2422.12.1,agricultural policy officer,86.5,Agricultural policy officers analyse and identify agricultural policy issues and develop plans for improvement and new policy implementation. They write reports and presentations in order to communicate and acquire support for the policies from government officials and the public. They also communicate with professionals in agriculture for research and information purposes and perform administrative duties.,agricultural scientist,85.6,agricultural technician,85.6,agronomic crop production team leader,85.4,,
Precision Agricultural Technologist,Agriculture,NOS. PAT.01,6,"A Precision Agricultural Technologist provides technical services of setting up, operating, repairing and maintaining precision agricultural machines, equipment, tools, sensors and decision-support systems for context-specific management of agricultural production operations and management processes thereby ensuring efficiency, profitability and environmental sustainability",7233.8.1,agricultural machinery technician,89.8,"Agricultural machinery technicians repair, overhaul and maintain agricultural equipment including tractors, tillage equipment, seeding equipment and harvesting equipment. They perform evaluations of the equipment, perform preventive maintenance activities and repair faults.",agricultural technician,88.8,land-based machinery technician,88.7,agricultural engineer,88.0,,
Architect,Construction,NOS.A.01,7,An Architect is responsible for the design of physical spaces and the management of the construction of such spaces,2161.1,architect,90.0,"Architects investigate, design, and oversee the construction and development of buildings, urban spaces, infrastructure projects, and social spaces. They design in accordance with the surroundings and regulations applicable in specific geographic areas, taking into account factors that include function, aesthetics, costs, and public health and safety. They are aware of social contexts and environmental factors, which include the relationships between people and buildings, and buildings and the environment. They engage in multidisciplinary projects aimed at developing the social fabric of a geographic area and advancing in social urbanism projects.",interior architect,87.2,software architect,86.2,enterprise architect,86.0,,
Civil Engineer,Construction,NOS.CE.01,7,"A Civil Engineer plans, designs and oversees construction and maintenance of building structures and infrastructure, such as roads, railways, airports, bridges, harbours, dams, irrigation projects, power plants, and water and sewerage systems, etc",2142.1,civil engineer,90.0,"Civil engineers design, plan, and develop technical and engineering specifications for infrastructure and construction projects. They apply engineering knowledge in a vast array of projects, from the construction of infrastructure for transportation, housing projects, and luxury buildings, to the construction of natural sites. They design plans that seek to optimise materials and integrate specifications and resource allocation within the time constraints.",civil engineering worker,87.3,construction engineer,87.2,civil engineering technician,86.1,,
Environmental Officer,Construction,NOS.EO.01,7,"An Environmental Officer plays a crucial role in the industry by assessing, monitoring, and managing the impact of industrial activities on the environment. The Environmental Officer is responsible for the development and implementation of environmental policies, ensuring compliance with environmental regulations, implementing sustainable practices, and managing environmental projects or programmes. The expertise of an Environmental Officer contributes to minimizing the organisation’s ecological footprint and promoting environmentally responsible practices. The Environmental Officer is further responsible for mitigation and remediation of risks, improving environmental performance, and supporting the organisation’s commitment to environmental stewardship",2422.12.5,environmental policy officer,89.7,"Environmental policy officers research, analyse, develop and implement policies related to the environment. They give expert advice to entities such as commercial organisations, government agencies and land developers. Environmental policy officers work on reducing the impact of industrial, commercial and agricultural activities on the environment.",environmental protection manager,89.3,environmental education officer,87.4,sustainability manager,87.1,,
General Bricklayer,Construction,NOS.GB.01,4,"The General bricklayer performs routine bricklaying works including brickwork, blockwork, laying paver blocks, plastering, cementitious waterproofing, rubble masonry and flooring works and should also be able to set out simple buildings",7112.1,bricklayer,90.9,"Bricklayers assemble brick walls and structures by skilfully laying the bricks in an established pattern, using a binding agent like cement to bond the bricks together. They then fill the joints with mortar or other suitable materials.",bricklaying supervisor,88.0,hand brick moulder,85.5,brick and tile caster,85.2,,
Heavy Duty Machine Operator,Construction,NOS.MO.01,4,"A Machine Operator drives, manoeuvres or controls heavy machinery used to construct roads, bridges, buildings, and other structures. Machine Operator takes care of all machine-specific functions such as configuring the equipment, loading, and operating the machines, and optimising the machine capability. A Machine Operator needs to ensure that the machine works at its full capacity, oversee its maintenance, and perform timely quality checks. In performing this task, a Machine Operator shall clean and maintain equipment, make basic repairs as necessary, report malfunctioning equipment to supervisors, move levers, push pedals, or turn valves to drive and manoeuvre equipment, and coordinate machine actions with crew members using hand or audio signals. A Machine Operator shall use the heavy-duty construction equipment to complete works as per task specifications",7233.1,construction equipment technician,88.6,"Construction equipment technicians inspect, maintain and repair heavy-duty vehicles used in construction, forestry and earthworks such as bulldozers, excavators and harvesters. They perform evaluations of the equipment, and ensure the safety and optimal efficiency of the machinery.",bulldozer operator,87.7,underground heavy equipment operator,87.4,excavator operator,87.3,,
Quantity Surveyor,Construction,NOS.QS.01,7,"A Quantity Surveyor is a graduate who has knowledge in the measurement of Civil Engineering structures, such as Buildings (residential, commercial, and specialised), Roads, Railways, Mechanical (Heating, Ventilation, and Air Condition), Electrical and Plumbing from drawings",2149.14,quantity surveyor,90.9,"Quantity surveyors have under their helm complete management of the cost involved in building and construction projects from the inception of the project until the delivery. They strive for an efficient use of the resources whilst keeping an eye on quality, quality standards, and client's requirements.",civil engineer,86.2,calculation engineer,85.3,construction engineer,85.2,,
Safety Specialist,Construction,NOS.SS.01,6,"A Safety Specialist is responsible for monitoring and assessing hazardous and unsafe situations, and developing measures to assure personnel safety. The Safety Specialist is also responsible for supporting the development and implementation of good safety practices. Further, the Safety Specialist is responsible for supporting the implementation of projects and operations in line with policies, common system standards, and international best practices. As part of his/her duty of care, the Safety Specialist should commit to ensuring that people do not fall sick or sustain injuries when carrying out operations. He/she must ensure a zero-tolerance approach to poor health and safety performance, and support development of health and safety training, and monitoring and compliance. The Safety Specialist also needs to act as Rescue/Emergency Operator",2149.10,health and safety engineer,87.0,"Health and safety engineers design objects and programs by combining engineering principles and health and safety requirements. They envision the protection and well-being of the people using designed objects or performing work under designed health and safety programs. They assess facilities and the risks that they might pose (e.g. contaminant materials, ergonomics, handling of dangerous substances, etc.) in order to design and improve health and safety measures.",health and safety officer,86.7,health safety and environmental manager,85.8,health and safety inspector,85.4,,
Draughts Person,Construction,NOS.DP.01,4,"The Draughts Person is responsible for preparation and editing of documentation of all types of drawings prepared for construction and installation works, showing all relevant plans, sections, elevations, specifications and details along with other requirements as applicable, based on the type of drawing",3118.3.2,architectural drafter,89.6,"Architectural drafters make drawings of the specifications and ideas provided by architects. They draw architectural drawings using computer-aided equipment and software, or using conventional methods like paper and pen.",drafter,88.3,civil drafter,88.0,mechanical engineering drafter,87.9,,
Electrician – Low Voltage,Construction,NOS.E,4,"The Electrician – LV is responsible for laying and terminating LV cables, installing and maintaining construction equipment at a construction site and carrying out electrical wiring works at residential, commercial and industrial buildings/premises",7411.1.1,building electrician,89.0,Building electricians install and maintain electricity cables and other electrical infrastructure in buildings. They make sure installed electrical equipment is isolated and presents no fire hazards. They understand existing situations and make improvements if called for.,electrician,88.1,industrial electrician,87.8,electrical mechanic,86.5,,
Geomatics Engineer,Construction,NOS.GE.01,7,"Make exact measurements and determine property boundaries. Provide data relevant to the shape, contour, gravitation, location, elevation, or dimension of land or land features on or near the earth's surface for engineering, mapmaking, mining, land evaluation, construction, and other purposes",2165.4,land surveyor,90.1,"Land surveyors determine, by means of specialised equipment, the distances and positions of points at the surface of sites for construction purposes. They use measurements of the specific aspects of construction sites, such as electricity, distance measurements, and metal structure volumes to create architectural drawings and develop construction projects.",surveying technician,87.4,cadastral technician,87.3,real estate surveyor,86.6,,
Metal Fabricator,Construction,NOS.MF.01,6,The Metal Fabricator is responsible for fabrication of steel assemblies and erection of final products,8219.8,metal products assembler,90.6,"Metal products assemblers fit and fasten metal materials according to strictly laid down procedures in order to produce various parts or final products using power tools, hand tools, and other machinery.",metal product quality control inspector,89.8,metal production supervisor,89.3,structural ironwork supervisor,88.8,,
Steel Fixer,Construction,NOS.SF.01,3,"The Steel Fixer is responsible for interpreting of drawing and bending schedules marking, cutting and bending of steel bars using hand or power tools, as well as fabricating, placing and fixing steel reinforcements at desired locations",7214.3,structural ironworker,87.6,"Structural ironworker in construction install iron elements into structures. They erect steel frameworks for buildings, bridges and other construction projects. They set metal rods, or rebar, to form reinforced concrete.",structural ironwork supervisor,85.9,sheet metal worker,85.2,metal products assembler,84.8,,
Bio-digester Plant Constructor,Energy,NOS.DBDC.01,,The BDC will be responsible for;  Following strictly the design and drawing as provided to them during construction of bio- digesters.  Ensuring that the quality standards of construction materials and appliances are properly complied with.  Selecting proper size of bio-digester based upon the availability of feedstock and customer needs.  Providing necessary information on benefits of bio-digester to the users.  Providing the users with minimum requirement of knowledge and skill to operate various components of bio-digester,8171.2,digester operator,86.4,"Digester operators, or cooks, cook wood chips with soda ash or acid to separate the wood pulp from unwanted constituents. They test the resulting solution.",biogas technician,85.1,installation engineer,84.9,construction quality manager,84.6,,
Coded Welder,Energy,NOS.CW.01,3,"A coded welder is a person who has been tested and certified competent to perform a specific welding process and is responsible for permanently joining/fusing equipment, structures and various types of metals together through the specified welding process",2144.1.23,welding engineer,88.8,"Welding engineers research and develop optimal effective welding techniques and design the corresponding, equally efficient equipment to aid in the welding process. They also conduct quality control and evaluate inspection procedures for welding activities. Welding engineers have advanced knowledge and critical understanding of welding technology application. They are able to manage high complex technical and professional activities or projects related to welding applications, while also taking responsibility for the decision making process.",welder,88.7,welding coordinator,87.3,welding inspector,86.9,,
Energy Auditor,Energy,NOS.EA.01,,"Energy Auditors undertake energy efficiency assessments of buildings and industrial facilities. Their audits cover building systems, occupancy, operations, maintenance and code compliance for the purpose of improving energy efficiency with cost benefit analysis and an action plan to reduce consumption",3112.1.5,energy assessor,90.5,Energy assessors determine the energy performance of buildings. They create an Energy Performance Certificate (EPC) which indicates what the estimated energy consumption of a property is. Furthermore they give advice on how to improve energy conservation.,energy analyst,88.7,energy consultant,87.9,energy conservation officer,87.5,,
LPG System Installer,Energy,NOS.LPGI.01,,"LPG System Installers are responsible for system designing, installing, operating, maintaining and testing and commissioning of LPG systems, and ensure that they meet the performance and reliability needs of customers by complying with all applicable codes, standards, procedures, specifications and safety requirements",7126.3,gas service technician,87.3,"Gas service technicians install and maintain gas service appliances and systems in facilities or buildings. They install the equipment in accordance with regulations, repair faults, and investigate leaks and other problems. They test the equipment and advise on the use and care of appliances and systems which use gas energy.",gas distribution engineer,86.6,installation engineer,86.4,gas processing plant operator,85.3,,
Non Destructive Test Specialist,Energy,NOS.NDTS.01,,"A Non-Destructive Test Specialist plans, analyses, develops and tests for conformity to industrial standards. He or She is responsible for adherence to applicable industrial standards and regulations",7543.5,non-destructive testing specialist,91.0,"Non-destructive testing specialists carry out testing of vehicles, vessels, other manufactured objects, and construction structures without having to damage them. They use special equipment such as X-ray, ultrasound, radiographics, or infrared instruments to perform testing activities and report based on the observed results.",quality engineer,87.5,test engineer,87.5,industrial quality manager,87.3,,
Solar PV Installer,Energy,NOS.SPVI.01,,"Solar PV Installers are responsible for checking, adapting, implementing, configuring, electrical trouble shooting, installing, inspecting, testing, and commissioning different components of photovoltaic systems, that meet the performance and reliability needs of customers by incorporating quality craftsmanship and complying with all applicable codes, standards, and safety requirements",7411.1.4,solar energy technician,89.3,"Solar energy technicians install and maintain systems that collect solar energy. They prepare the necessary fixtures, often on roofs, install solar panels, and plug them into an electronic system including an inverter to connect the solar energy systems to the electricity lines.",solar energy engineer,87.3,installation engineer,86.9,smart home installer,86.0,,
Biomedical Scientist,Manufacturing,NOS.BS.01,7,"A Biomedical Scientist is critical in the provision of primary and secondary healthcare services. He/she is responsible for the supervision of subordinates, coordination of laboratory work, validation of test methods and results, monitoring and training of staff and students on new methods and procedures, evaluation of quality assurance processes, safety in the medical laboratory, and conducting medical research to contribute to advancement in medical technology",2131.4.3,biomedical scientist advanced,89.2,Biomedical scientists advanced undertake advanced translational research in the biomedical science field and perform as educators of their professions or as other professionals.,biomedical scientist,88.5,specialist biomedical scientist,88.4,medical laboratory manager,87.6,,
Food Scientist or Food Technologist,Manufacturing,NOS.FS.01,7,"A Food Scientist is responsible for assessing the food’s nutritional content, testing food quality, discovering new food sources, researching new ways to make raw and processed foods safe and healthy for the market. He/she also manages, operates, and maintains laboratory equipment, trains staff in food production related aspects, and document profiling. A Food Scientist is also responsible for ensuring adherence to the laws and regulations governing food processing, labelling, quality, safety, storage, and distribution of food products",2145.1.4,food technologist,90.7,"Food technologists develop processes for manufacturing foodstuffs and related products based on chemical, physical, and biological principles and technology. They design and plan layouts or equipment, oversee staff, engage in controlling, and improve food technologies in food production processes.",food safety specialist,88.9,food biotechnologist,88.9,food technician,87.9,,
Maintenance Technician,Manufacturing,NOS.MT.01,5,"A Maintenance Technician is responsible for assembling, installing, and maintaining equipment in the organisation. He/she must be able to read, interpret, and follow instructions and operation manuals; troubleshoot equipment and schedule maintenance activities in the organisation in the form of preventive maintenance",2141.8,maintenance and repair engineer,88.7,"Maintenance and repair engineers focus on the optimization of equipment, procedures, machineries and infrastructure. They ensure their maximum availability at minimum costs.",industrial engineering technician,88.3,mechanical engineering technician,88.0,industrial machinery assembler,87.9,,
Metal Caster,Manufacturing,NOS.MC.01,3,"A metal caster is responsible for: • Making patterns and moulds or casts from different materials such as metal, wax, and sand. • Examining moulds to ensure they are clean, smooth and properly coated. • Assembling and embedding cores in the mould using appropriate tools and equipment. • Loading specified amounts of metal flux into furnaces or clay crucibles. • Reading temperature gauges and observing colour changes, adjusting furnace flames, torches or electrical heating units as necessary to melt metal to required specifications. • Operating hand-controlled mechanisms to pour and regulate the flow of the molten metal into moulds to produce castings or ingots. • Turning valves to circulate water through mould cooling system or spraying water on filled moulds to cool and solidify metal. • Transporting metal ingots to storage areas using forklifts",7222.1,casting mould maker,88.5,"Casting mould makers create metal, wooden or plastic models of the finished product to be cast. The patterns are then used to create moulds, eventually leading to the casting of the product of the same shape as the pattern.",foundry moulder,88.4,foundry operative,88.0,casting machine operator,87.1,,
Wood Processing Technologist,Manufacturing,NOS. WPT.01,6,"A Wood Processing Technologist is a person responsible for planning and designing wood products to be produced, acquiring the raw materials, supervising workers, and servicing the woodworking machines. He/she also performs inspections on processed materials and finished wood products for quality",3122.4.16,wood production supervisor,90.8,"Wood production supervisors monitor processes involved in the conversion of felled trees into usable lumber. They follow the production process and make quick decisions to resolve problems. They ensure that production targets, such as quantity and quality of products, timeliness and cost-effectiveness, can be achieved.",wood technology engineer,89.9,wood assembly supervisor,88.8,wood factory manager,88.4,,
Biochemical/Chemical/Process/Process Control,Manufacturing,NOS.CHE.01,7,"Chemical Engineers design and troubleshoot processes for the production of chemicals, fuels, foods, pharmaceuticals, and biologicals, etc. Their main responsibility in manufacturing plants is to maximise productivity and product quality while minimising costs",2145.1,chemical engineer,87.3,Chemical engineers design and develop large-scale chemical and physical production processes and are involved in the entire industrial process required for transforming raw materials into products.,process engineer,86.8,chemical processing plant controller,85.7,biochemical engineer,85.6,,
Electrical Engineer/ Electronics Engineer,Manufacturing,NOS.EEE.01,7,"Electrical and Electronic Engineers design, install, and maintain electrical and electronic equipment and systems. These include but are not limited to electrical machines, inverters, communication equipment, control and automation systems etc",2151.1,electrical engineer,89.7,"Electrical engineers design and develop electrical systems, electrical equipment, components, motors, and equipment with the feature of energy transmission. They engage in large scale projects such as the design and maintenance of power stations, and the distribution of power to smaller applications such as household appliances.",electronics engineer,88.9,electromechanical engineer,87.5,equipment engineer,87.4,,
Mechanical Engineer,Manufacturing,NOS.ME.01,7,"A mechanical Engineer plans, analyses, develops, designs, manufactures/builds, installs, tests and maintains mechanical devices and systems. He/she is responsible for adherence to applicable industry regulations",2144.1,mechanical engineer,90.4,"Mechanical engineers research, plan and design mechanical products and systems and supervise the fabrication, operation, application, installation and repair of systems and products. They research and analyse data.",manufacturing engineer,89.3,industrial engineer,87.9,design engineer,87.6,,
Production Manager,Manufacturing,NOS.PM.01,7,"1. The individual on the job understands the product requirement, interprets the product design and develops product for manufacturing. The individual acts an interface between design and production department. 2. To ensure goods and services are produced safely, cost effectively and on time and that they meet the required quality standards 3. Should be able to conduct research in his/her field to monitor productivity rates and product standards and implement quality systems management. 4. Should be able to plan and draw up a Master production schedule. 5. Should be able to establish and run an effective maintenance schedule. 6. Should be able to collate and analyse data, putting together production reports for both factory managers and customers. 7. Should liaise with different departments, teams and stakeholders such as suppliers, managers, clients etc. 8. Should be able to review worker performance and identify training needs. 9. Supervise and motivate a team of workers 10. Ensure that production is be cost effective estimating costs, negotiating and agreeing budgets with both clients and managers, etc",1321.2.1,industrial production manager,87.6,"Industrial production managers oversee the operations and the resources needed in industrial plants and manufacturing sites for a smooth running of the operations. They prepare the production schedule by combining the requirements of clients with the resources of the production plant. They organise the journey of incoming raw materials or semi finished products in the plant until a final product is delivered by coordinating inventories, warehouses, distribution, and support activities.",production supervisor,87.5,performance production manager,86.9,product development manager,86.8,,
Quality Controller,Manufacturing,NOS.QC.01,6,"Quality Controller in a manufacturing sector ensures: • That production outputs meet desired quality specifications. • The Assessment of all raw materials and inputs to meet product specifications. • Implementation of latest Quality Management Systems, as applicable",7543.9,product quality controller,92.1,"Product quality controllers check the quality of manufactured products. They work in manufacturing facilities where they perform basic inspection and evaluation of products before, during or after the production process. They track production problems and send inferior or malfunctioning items back for repair.",product quality inspector,89.4,industrial quality manager,89.1,quality engineer,88.0,,
Workshop Machines Operator,Manufacturing,NOS.WMO.01,4,Operating of Machinery/Equipment,7223.4.4,lathe and turning machine operator,89.1,"Lathe and turning machine operators set up, program and tend lathe and turning machines designed to cut excess metal from a metal workpiece using a hardened cutting tool moved by computer-controlled motors. They read lathe and turning machine blueprints and tooling instructions, perform regular machine maintenance, and make adjustments to the lathe controls, such as the depth of cuts and the rotation speed.",industrial machinery mechanic,88.8,machine operator supervisor,88.3,lasting machine operator,88.1,,
Mine Data Entry Operator,Mining,NOS.MDEO.01,4,A Mine Data Entry Operator ensures end to end data processing and maintaining related process parameters,8112.2,mineral processing operator,87.7,Mineral processing operators operate a variety of plants and equipment to convert raw materials into marketable products. They provide the appropriate information on the process to the control room.,data entry clerk,87.6,mine control room operator,87.0,data entry supervisor,86.4,,
Mine Safety Officer,Mining,NOS.MSO.01,6,A Mine Safety Officer monitors hazardous situations and is responsible for ensuring adherence to safety regulations,3117.4,mine safety officer,93.0,"Mine safety officers oversee health and safety systems at mining operations. They report workplace accidents, compile accident statistics, estimate risks to employee safety and health, and suggest solutions or new measurements and techniques.",mine health and safety engineer,90.3,health and safety officer,89.3,mine supervisor,88.0,,
Process Engineer,Mining,NOS.PE.01,7,The Process Engineer executes end to end technical activities of mineral/metal and petroleum extraction from its ore,2146.9,mineral processing engineer,90.2,Mineral processing engineers develop and manage equipment and techniques to successfully process and refine valuable minerals from ore or raw mineral.,process metallurgist,89.8,process engineer,88.8,petroleum engineer,86.8,,
Winding Engine Operator,Mining,NOS.WEO.01,4,A Winding Engine Operator ensures execution of activities related to the winding engine,8151.4,winding machine operator,87.8,"Winding machine operators tend machines that wrap strings, cords, yarns, ropes, threads onto reels, bobbins, or spools. They handle materials, prepare them for processing, and use winding machines for that purpose. They also perform routine maintenance of the machinery.",mine mechanical engineer,87.5,mining equipment mechanic,87.4,mine control room operator,87.4,,
Mining Blaster,Mining,NOS.MB.01,3,"A Mining Blaster, also known as Shot Firer, uses explosives to break or dislodge rocks, demolish structures and large earth masses",2146.3,explosives engineer,88.5,Explosives engineers design drilling patterns and determine the amount of explosives required. They organise and supervise controlled blasts and report and investigate misfires. They manage explosives magazines.,shotfirer,87.8,demolition worker,86.6,mineral crushing operator,86.5,,
Senior Chemist,Mining,NOS.SC.01,7,,2113.1.1,analytical chemist,88.2,"Analytical chemists research and describe the chemical composition of substances. Moreover, they draw conclusions related to the behaviour of such substances in different conditions. Analytical chemists play an important role in looking at the relationship between chemistry and the environment, food, fuel, and medicine. They use a range of techniques such as electro-chromatography, gas and high performance liquid chromatography and spectroscopy.",chemical metallurgist,86.3,process metallurgist,85.8,chemical manufacturing quality technician,85.7,,
Fire Fighter,Transport,NOS.FF.01,3,"A Fire Fighter is responsible for ensuring fire alarms, medical emergencies, hazardous materials, urban rescue, and other calls to protect life and property are attended to, and to participate in fire prevention and training, and the maintenance of fire stations and the firefighting equipment",5411.1,firefighter,88.1,"Firefighters are responsible for emergency response in case of a fire outbreak or other hazardous situations. They oversee the evacuation of the endangered premises and ensure victims are rescued and taken care of by the appropriate professionals. Once the premises are clear of victims, they ensure the fire is extinguished, compliant with health and safety regulations. They also regulate the clean-up of the scene and assess the damage.",fire prevention and protection engineer,87.4,emergency response worker,87.0,fire protection technician,86.9,,
Customs Agent,Transport,NOS.CA.01,6,A Customs Agent is responsible for ensuring compliance with customs laws and regulations for goods entering or leaving the country,3331.1,customs and excise officer,87.9,"Customs and excise officers approve or deny the passage of goods through customs barriers for international business and ensure compliance with consignment legislation. They facilitate communication between import and export trading institutions and government officials, and are responsible for taxation calculation and ensuring payment.",customs officer,87.5,tax compliance officer,86.3,shipping agent,85.5,,
Logistician,Transport,NOS.L.01,6,"A Logistician oversees and manages the entire supply chain process, including: supplier management, inventory management, procurement, transportation, warehousing, timely delivery, distribution, and optimisation of network",1324.8,supply chain manager,91.2,"Supply chain managers plan, manage and coordinate all activities related to the sourcing and procurement of supplies needed to run manufacturing operations from the acquisition of raw materials to the distribution of finished products. The supplies can be raw materials or finished products, and it can be for internal or external use. Moreover, they plan and commission all the activities needed to be performed in manufacturing plants and adjust operations to changing levels of demand for a company's products.",logistics and distribution manager,90.3,logistics analyst,88.8,supply chain assistant,88.5,,
Professional Driver,Transport,NOS.PD.01,3,"A Professional Driver is responsible for driving safely and competently, ensuring roadworthiness of the vehicle by conducting pre-drive checks, managing incidences, conducting or recommending vehicle maintenance, applying customer care skills, demonstrating defensive driving skills, ensuring fuel efficiency, and economic driving habits. He/she must follow traffic laws and correctly route themselves",8322.5,patient transport services driver,85.1,"Patient transport services drivers transfer disabled, vulnerable and elderly patients to and from health care facilities such as hospitals or social care settings. They drive the ambulance and maintain all the related equipment but under non-emergency circumstances.",occupational driving instructor,84.9,cargo vehicle driver,84.5,transport health and safety inspector,84.4,,
Safety Officer,Transport,NOS.SO.01,6,"A Safety Officer is responsible for planning, implementing, and overseeing the employees’ safety in the workplace. His/her main duty is to ensure the company is in compliance with, and adheres to, all safety guidelines",2263.3,health and safety officer,89.7,"Health and safety officers execute plans for the improvement of work environments and cultures. They assess risks and interview employees to ensure the work environment is compliant with health and safety rules, as well as ensuring the interaction within the workplace occurs in a positive and productive manner. If employed in a healthcare facility the health and safety officer has to investigate infections spreading across a facility and advice all employees how to combat and prevent infections. Furthermore health physics is applied at facilities where people are exposed to ionizing radiation such as nuclear power plants and research institutions.",transport health and safety inspector,88.0,aviation safety officer,87.7,mine safety officer,87.6,,
Transportant,Transport,NOS.T.01,7,"A Transportant ensures the smooth running of transport services by maintaining vehicles, as well as allocating of staff and vehicles to provide optimal services through planning, managing, administrating, and controlling resources",2164.3,transport planner,87.6,"Transport planners develop and implement policies in order to improve transport systems, taking into account the social, environmental and economic factors. They collect and analyse traffic data using statistical modelling tools.",road transport maintenance scheduler,86.6,mobility services manager,86.4,resource manager,86.1,,
Environment and Water Quality Officer,Water,NOS.EWQO.01,7,"An Environment and Water Quality Officer undertakes environmental, social, and economic assessments, and develops standards to inspect water and wastewater treatment facilities. He/she also undertakes water and wastewater sampling tests, analysis, and reporting on their quality parameters, environmental surveillance, climate change adaptation, and mitigation interventions. They direct, monitor, and evaluate safety practices and procedures with respect to laboratory and field analytical work, to check if they meet health and hygiene standards. Coaching and mentoring subordinates, training of communities on environmental sustainability, water security and quality also forms part of their responsibilities",2133.13,water quality analyst,88.7,"Water quality analysts safeguard the quality of water through scientific analysis, ensuring quality and safety standards are met. They take samples of the water and perform laboratory tests, and develop purification procedures so it can serve as drinking water, for irrigation purposes, and other water supply purposes.",monitoring and evaluation officer,87.6,environmental protection manager,86.8,environmental health inspector,86.8,,
Laboratory Technologist,Water,NOS.LT.01,6,"A Laboratory Technologist collects and analyses water and wastewater samples to check for treatment efficiency, as well as compliance with applicable drinking water quality, wastewater quality, and environmental standards. He/she works within the field and laboratory setting—cleaning, maintaining, and packaging of apparatus, reagents and cleaning materials, general management of the laboratory, records inventory, preparation and submission of water and wastewater laboratory technical reports, and following procedures with respect to laboratory and field analytical work, while adhering to health and biosafety guidelines",2133.13,water quality analyst,87.0,"Water quality analysts safeguard the quality of water through scientific analysis, ensuring quality and safety standards are met. They take samples of the water and perform laboratory tests, and develop purification procedures so it can serve as drinking water, for irrigation purposes, and other water supply purposes.",wastewater treatment technician,86.5,scientific laboratory technician,86.5,environmental technician,86.3,,
Pit Emptier,Water,NOS.PE.01,3,"A Pit Emptier’s job is crucial for the safe management of on-site sanitation facilities, thereby maintaining public health and prevention of environmental pollution. A Pit Emptier collects faecal sludge/septage from on-site sanitation facilities and safely transports it to the storage/faecal sludge treatment facility. Pit Emptiers inspect and follow safety protocols in maintaining equipment, and they sometimes provide advice to clients on proper waste management practices. • Scheduling of emptying jobs; • Conducting assessment of on-site sanitation facilities; • Conducting marketing of emptying services; • Reporting on emptying operations",7126.9,septic tank servicer,87.0,"Septic tank servicers clean and maintain septic systems. They repair damages and faults, and ensure the tanks are cleaned and maintained, operating cleaning and maintenance machinery, in compliance with safety procedures.",solid waste operator,86.5,sewerage cleaner,85.8,wastewater treatment operator,85.4,,
Wastewater and Faecal Sludge Treatment Plant Plant,Water,NOS.WFSTPO.01,6,"A Wastewater and Faecal Sludge Treatment Plant Operator is responsible for monitoring the operations of the treatment plant, ensuring all treatment units are functional and in good order. A Treatment Plant Operator is responsible for treatment and safe disposal of effluent in conformity with national regulations. They are also responsible for compliance to occupational and biosafety standards and guidelines within the plant",3132.4,wastewater treatment operator,90.4,Wastewater treatment operators operate equipment used in a water or wastewater plant. They treat and clean drinking water before it is distributed to the consumer and process wastewater to remove harmful substances before returning it to rivers and seas. They take samples and perform tests to analyse the water quality.,liquid waste treatment plant operator,89.8,wastewater treatment technician,88.4,water treatment systems operator,87.1,,
Water and Sanitation Engineer,Water,NOS.WSE.01,7,"A Water and Sanitation Engineer is a specialist in design, planning, establishing, expanding, constructing, operating, and maintaining water and sanitation facilities",2142.1.11,water engineer,89.4,"Water engineers research and develop methods for the provision of clean water, water treatment and flood damage prevention and reaction. They research water needs in a location and develop methods for meeting those needs, such as designing and developing projects for managing water resources such as treatment plants, pipelines, pump systems, irrigation or draining systems and other water supply systems. Water engineers also ensure proper installation of these systems on construction sites. Water engineers also maintain, repair and build structures that control water resources, such as bridges, canals and dams.",wastewater engineer,87.9,environmental engineer,87.9,water systems engineering technician,86.9,,
Water Treatment Plant Operator,Water,NOS.WTPO.01,6,"A Water Treatment Plant Operator is responsible for monitoring operations of the treatment plant, ensuring all treatment units are functional and in good order. He/she is responsible for determining and ensuring correct dosages/applications of treatment chemicals, and is also responsible for enforcing safety within the plant. He/she ensures the water produced meets the national drinking water standards",3132.7,water treatment systems operator,90.7,"Water treatment system operators treat water to ensure safety for drinking, irrigation, or other use. They operate and maintain water treatment equipment and ensure the water is safe for bottling and use in food production by thoroughly testing before distribution, and by meeting environmental standards.",water treatment plant manager,89.9,liquid waste treatment plant operator,88.6,water plant technician,88.5,,
