ID,ORIGINURI,PREFERREDLABEL_EN,PREFERREDLABEL_SW_gemini_2_5_flash,PREFERREDLABEL_SW_gemini_2_5_pro,PREFERREDLABEL_SW_gemini_3_pro,DESCRIPTION_EN,DESCRIPTION_SW_gemini_2_5_flash,DESCRIPTION_SW_gemini_2_5_pro,DESCRIPTION_SW_gemini_3_pro,ALTLABELS_SW_gemini_2_5_pro,ALTLABELS_SW_gemini_3_pro,ALTLABELS_SW_gemini_2_5_flash
687671c1ebd2bf665349e6b9,http://data.europa.eu/esco/occupation/3c0af499-39f6-4468-9ba4-b13a26d5f888,abrasive blasting operator,mwendeshaji wa usafishaji kwa mchanga,Mwendeshaji wa ulipuaji wa kukwaruza,,"Abrasive blasting operators use the proper equipment and machinery to smoothen rough surfaces by abrasive blasting. Abrasive blasting is commonly used in the finishing process of metal workpieces and for blasting building materials used in masonry such as bricks, stones and concrete. They operate blasters or sand cabinets which forcibly thrust a stream of abrasive material such sand, soda or water, under high pressure, propelled by a centrifigal wheel, in order to shape and smoothen surfaces.","Waendeshaji wa usafishaji kwa mchanga hutumia vifaa na mashine zinazofaa ili kulainisha nyuso zenye ukwaru kwa usafishaji wa kukwaruza. Usafishaji kwa mchanga hutumiwa kwa kawaida katika mchakato wa kumalizia vipande vya chuma na kwa kusafisha vifaa vya ujenzi vinavyotumiwa katika uashi kama vile matofali, mawe na zege. Wanatunza mashine za kupuliza au kabati za mchanga ambazo hurusha kwa nguvu mkondo wa nyenzo za kukwaruza kama mchanga, soda au maji, chini ya shinikizo la juu, ikisukumwa na gurudumu la sentrifigali, ili kuunda na kulainisha nyuso.","Waendeshaji wa ulipuaji wa kukwaruza hutumia vifaa na mashine zinazofaa kulainisha sehemu zenye ukwaru kwa kutumia ulipuaji wa kukwaruza. Ulipuaji wa kukwaruza hutumika sana katika mchakato wa umaliziaji wa vipande vya metali na kwa kulipua vifaa vya ujenzi vinavyotumika katika uashi kama vile matofali, mawe na zege. Wanaendesha vilipuaji au makabati ya mchanga ambayo husukuma kwa nguvu mkondo wa nyenzo za kukwaruza kama vile mchanga, soda au maji, chini ya shinikizo kubwa, zikisukumwa na gurudumu la sentrifugi, ili kuunda na kulainisha sehemu.",,"Mtengenezaji kwa Kukwaruza
Mlipuaji mchanga, sehemu za nje za majengo
Mlipuaji, maji: kusafisha
Opereta, mashine: ulipuaji wa risasi (metali)
Mpakaji nta, ulipuaji mchanga wa kioo
mlipuaji wa kukwaruza
opereta wa kabati la ulipuaji wa kukwaruza
opereta wa ulipuaji wa kukwaruza
mwendeshaji wa ulipuaji wa kukwaruza
mlipuaji mchanga wa kukwaruza
mlipuaji risasi wa kukwaruza
mlipuaji changarawe
opereta wa ulipuaji mchanga
mwendeshaji wa ulipuaji mchanga
mlipuaji mchanga
mwendeshaji wa ulipuaji mchanga
mlipuaji wa kinu cha mchanga
msagaji wa kinu cha mchanga
mlipuaji-mchanga
mlipuaji mchanga
msuguaji
opereta msuguaji
mwendeshaji msuguaji
mlipuaji risasi",,"Muunda Kikwaruzi
Msafishaji mchanga, nje ya majengo
Msafishaji, maji: kusafisha
Mwendeshaji, mashine: usafishaji kwa risasi (chuma)
Mpaka nta, usafishaji kioo kwa mchanga
msafishaji kwa mchanga
mfanyakazi wa kabati la usafishaji kwa mchanga
mfanyakazi wa usafishaji kwa mchanga
mwendeshaji wa usafishaji kwa mchanga
msafishaji kwa risasi
msafishaji kwa changarawe
mfanyakazi wa kupuliza mchanga
mwendeshaji wa kupuliza mchanga
msafishaji mchanga
mwendeshaji wa kusafisha kwa mchanga
msafishaji wa kinu cha mchanga
msagaji wa kinu cha mchanga
msafishaji-mchanga
msuguaji
mfanyakazi wa kusugua
mwendeshaji wa kusugua"
687671c1ebd2bf665349de63,http://data.europa.eu/esco/occupation/994fe880-dc26-4f0f-a3cd-500709b6a665,precision engineer,mhandisi wa usahihi,Mhandisi wa usahihi,,"Precision engineers design processes, machines, fixtures and other equipment that have exceptionally low engineering tolerances, are repeatable and stable over time. They ensure prototypes are built and tested and make sure the designs meet system specifications and operational requirements.","Wahandisi wa usahihi hubuni michakato, mashine, vifaa vya kurekebishia na vifaa vingine ambavyo vina uvumilivu wa chini sana wa uhandisi, vinavyoweza kurudiwa na thabiti kwa muda mrefu. Wanahakikisha mifano ya awali inajengwa na kufanyiwa majaribio na kuhakikisha miundo inakidhi vipimo vya mfumo na mahitaji ya uendeshaji.","Wahandisi wa usahihi hubuni michakato, mashine, vifaa vya kushikilia na vifaa vingine ambavyo vina viwango vya chini sana vya uvumilivu wa kihandisi, vinaweza kurudiwa na ni thabiti kwa muda. Wanahakikisha sampuli za awali zinajengwa na kujaribiwa na kuhakikisha miundo inakidhi vipimo vya mfumo na mahitaji ya uendeshaji.",,"Mshauri wa uhandisi wa usahihi
Wahandisi wa usahihi
Mshauri mwelekezi wa uhandisi wa usahihi
Mhandisi wa usahihi
Mtaalamu wa uhandisi wa usahihi
Mtaalamu maalum wa uhandisi wa usahihi",,"mshauri wa uhandisi wa usahihi
wahandisi wa usahihi
mhandisi wa usahihi
mtaalamu bingwa wa uhandisi wa usahihi
mtaalamu wa uhandisi wa usahihi"
687671c0ebd2bf665349dcf2,http://data.europa.eu/esco/occupation/316309e4-5fce-4dca-85d1-07702217ea19,leather production manager,Meneja wa uzalishaji wa ngozi,Meneja wa uzalishaji wa ngozi,,Leather production managers plan all aspects of the leather production process. They ensure the required output of the factory in terms of quality and quantity of the leather. They organise the production staff. They monitor and ensure the operation of machinery and equipment. They cooperate with managers of each production department.,Mameneja wa uzalishaji wa ngozi hupanga nyanja zote za mchakato wa uzalishaji wa ngozi. Wanahakikisha matokeo yanayohitajika ya kiwanda kulingana na ubora na wingi wa ngozi. Wanapanga wafanyakazi wa uzalishaji. Wanafuatilia na kuhakikisha uendeshaji wa mitambo na vifaa. Wanashirikiana na mameneja wa kila idara ya uzalishaji.,Mameneja wa uzalishaji wa ngozi hupanga nyanja zote za mchakato wa uzalishaji wa ngozi. Wanahakikisha kiwanda kinatoa matokeo yanayohitajika kwa kuzingatia ubora na wingi wa ngozi. Wanaandaa wafanyakazi wa uzalishaji. Wanasimamia na kuhakikisha uendeshaji wa mashine na vifaa. Wanashirikiana na mameneja wa kila idara ya uzalishaji.,,"Mkurugenzi wa uendeshaji wa ngozi
Mkurugenzi wa utengenezaji wa ngozi
Meneja wa uzalishaji wa ngozi
Mkurugenzi wa uzalishaji wa ngozi
Meneja wa usafirishaji wa ngozi
Mameneja wa uzalishaji wa ngozi",,"mkurugenzi wa shughuli za ngozi
mkurugenzi wa utengenezaji wa ngozi
meneja wa uzalishaji wa ngozi
mkurugenzi wa uzalishaji wa ngozi
meneja wa lojistiki ya ngozi
mameneja wa uzalishaji wa ngozi"
687671c1ebd2bf665349e84b,urn:icatus:2016:34,washing or fixing clothes,Mfuliaji au mkarabati wa nguo,Kufua au kurekebisha nguo,,"Refers to caring and maintaining of textiles and footwear for own household and family members.

Examples:
- Hung out laundry
- Put clothes in the dryer machine
- Loaded clothes dryer
- Hand washing, loading and unloading washing machine, sorting wash
- Hand-washing, soaking, rinsing
- Sorting of laundry
- Ironing and pressing
- Tasks connected with ironing and pressing
- Folding and putting things away
- Put laundry in closet/drawer
- Sorting/folding clothes
- Ironed shirt
- Folding sheets and putting them into the cupboard
- Emptied the drying rack
- Mending, repairing clothing and shoes
- Mending, repairing other textiles such as bedsheets, table cloths, curtains, etc.
- Polishing footwear
- Repairing clothes
- Repairing and polishing shoes
- Putting seasonal clothes into storage
- Unspecified making and care for textiles
- Alteration of clothes (including ironing on transfers to t-shirts, dyeing clothing)
- Changed a zipper
- Cleaned boots","Inahusu utunzaji na ukarabati wa nguo na viatu kwa ajili ya kaya nyingine na watu wasio wanafamilia.

Mifano:
- Alitundika dobi ya mtu mwingine
- Aliweka nguo kwenye mashine ya kukaushia kwa ajili ya mtu mwingine
- Alijaza mashine ya kukaushia nguo katika kaya nyingine
- Kufua kwa mikono, kujaza na kupakua mashine ya kufua, kupanga dobi kwa ajili ya watu wasio wanafamilia
- Kufua kwa mikono, kuloweka, kusafisha nguo kwa ajili ya wengine
- Kupanga dobi kwa ajili ya kaya nyingine
- Kupiga pasi na kunyoosha mavazi kwa ajili ya mtu mwingine
- Kazi zinazohusiana na kupiga pasi na kunyoosha nguo kwa ajili ya watu wasio wanafamilia
- Kukunja na kuweka vitu mahali pake katika nyumba ya mtu mwingine
- Aliweka dobi kwenye kabati/droo katika kaya nyingine
- Kupanga/kukunja nguo kwa ajili ya rafiki
- Alipiga pasi shati kwa ajili ya mtu mwingine
- Kukunja shuka na kuziweka kwenye kabati kwa ajili ya wengine
- Alipakua kichanja cha kukaushia katika nyumba ya mtu mwingine
- Kushona, kukarabati mavazi na viatu kwa ajili ya wengine
- Kushona, kukarabati nguo nyingine kama vile shuka, vitambaa vya meza, mapazia, n.k., kwa ajili ya watu wasio wanafamilia
- Kupiga rangi viatu kwa ajili ya mtu mwingine
- Kukarabati nguo kwa ajili ya rafiki
- Kukarabati na kupiga rangi viatu kwa ajili ya wengine
- Kuweka nguo za msimu ghalani kwa ajili ya mtu mwingine
- Utengenezaji na utunzaji wa nguo usioainishwa kwa ajili ya watu wasio wanafamilia
- Marekebisho ya nguo (ikiwa ni pamoja na kupiga pasi picha kwenye t-shati, kupaka rangi nguo) kwa ajili ya wengine
- Alibadilisha zipu kwenye nguo ya mtu mwingine
- Alisafisha buti kwa ajili ya mtu asiye mwanafamilia","Inarejelea utunzaji na matengenezo ya nguo na viatu kwa ajili ya kaya na wanafamilia.

Mifano:
- Alianika nguo
- Aliweka nguo kwenye mashine ya kukaushia
- Alijaza mashine ya kukaushia nguo
- Kufua kwa mkono, kupakia na kupakua mashine ya kufulia, kuchagua nguo za kufua
- Kufua kwa mkono, kuloweka, kusuuza
- Uteuzi wa nguo chafu
- Kupiga pasi na kunyoosha
- Kazi zinazohusiana na kupiga pasi na kunyoosha
- Kukunja na kuweka vitu mahali pake
- Aliweka nguo zilizokaushwa kwenye kabati/droo
- Kuchagua/kukunja nguo
- Alipiga pasi shati
- Alikunja mashuka na kuyaweka kabatini
- Alitoa nguo kwenye kianikio
- Kushona, kurekebisha nguo na viatu
- Kushona, kurekebisha nguo nyingine kama vile mashuka, vitambaa vya meza, mapazia, n.k.
- Kung'arisha viatu
- Kurekebisha nguo
- Kurekebisha na kung'arisha viatu
- Kuhifadhi nguo za msimu
- Utengenezaji na utunzaji usiobainishwa wa nguo
- Marekebisho ya nguo (pamoja na kupiga pasi picha kwenye fulana, kupaka nguo rangi)
- Alibadilisha zipu
- Alisafisha buti",,"Kufua au kurekebisha nguo
Kusafisha au kurekebisha nguo na viatu
Kukausha, kuanika, kuingiza nguo zilizokaushwa
Ukaushaji na ushughulikiaji wa nguo chafu
Kufua kwa mkono/mashine
Kufua nguo kwa mkono au mashine
Kupiga pasi, kunyoosha, kukunja
Kulainisha nguo zilizokaushwa
Kushona/kurekebisha na kutunza nguo na viatu, kusafisha na kung'arisha viatu
Utunzaji wa nguo na viatu
Urekebishaji na utunzaji wa nguo",,"mfuliaji au mkarabati wa nguo
msafishaji au mkarabati wa nguo na viatu
mkaushaji, mtundikaji, mpakuaji wa nguo zilizofuliwa
mkaushaji na mshughulikiaji wa dobi
mfuaji wa mikono/mashine
mfuaji wa nguo kwa mikono au mashine
mpigaji pasi, mnyooshaji, mkunjaji
mnyooshaji wa dobi
mshonaji/mkarabati na mtunzaji wa nguo na viatu, msafishaji na mpigaji rangi viatu
mtunzaji wa nguo na viatu
mkarabati na mtunzaji wa nguo"
687671c1ebd2bf665349e0f2,http://data.europa.eu/esco/occupation/8bd74371-1818-47d5-a253-d703c51c5f26,copy editor,mhariri wa nakala,Mhariri wa nakala,,"Copy editors ascertain that a text is agreeable to read. They ensure that a text adheres to the conventions of grammar and spelling. Copy editors read and revise materials for books, journals, magazines and other media.","Wahariri wa nakala huhakikisha kuwa maandishi yanavutia kusoma. Wanahakikisha kuwa maandishi yanazingatia kanuni za sarufi na tahajia. Wahariri wa nakala husoma na kurekebisha nyenzo za vitabu, majarida na vyombo vingine vya habari.","Wahariri wa nakala huhakikisha kuwa maandishi yanasomeka vizuri. Wanahakikisha kuwa maandishi yanafuata kanuni za sarufi na tahajia. Wahariri wa nakala husoma na kurekebisha maandishi kwa ajili ya vitabu, majarida, magazeti na vyombo vingine vya habari.",,"Mhariri wa lugha
Msaidizi wa uhariri
Mhariri-nakala
Mhariri mkuu wa nakala
Mhariri wa nakala",,"mhariri wa lugha
msaidizi wa uhariri
mhariri-nakala
mhariri mwandamizi wa nakala
mhariri wa nakala"
687671c1ebd2bf665349e077,http://data.europa.eu/esco/occupation/0c448a27-10ec-43ba-b880-d9938bade424,digital forensics expert,mtaalamu wa uchunguzi wa kidijitali,Mtaalamu wa Forensiki za Kidijitali,,"Digital forensics experts retrieve and analyse information from computers and other types of data storage devices. They examine digital media that may have been hidden, encrypted or damaged, in a forensic manner with the aim to identify, preserve, recover, analyse and present facts and opinions about the digital information.","Wataalamu wa uchunguzi wa kidijitali hurejesha na kuchambua habari kutoka kwa kompyuta na aina nyingine za vifaa vya kuhifadhi data. Wanachunguza vyombo vya habari vya kidijitali ambavyo vinaweza kuwa vimefichwa, kusimbwa au kuharibiwa, kwa njia ya kiuchunguzi kwa lengo la kutambua, kuhifadhi, kurejesha, kuchambua na kuwasilisha ukweli na maoni kuhusu habari za kidijitali.","Wataalamu wa forensiki za kidijitali hurejesha na kuchambua taarifa kutoka kwa kompyuta na aina nyingine za vifaa vya kuhifadhi data. Wao huchunguza midia ya kidijitali ambayo inaweza kuwa imefichwa, imesimbwa kwa njia fiche au kuharibiwa, kwa njia ya kitaalamu ya uchunguzi kwa lengo la kutambua, kuhifadhi, kurejesha, kuchambua na kuwasilisha ukweli na maoni kuhusu taarifa za kidijitali.",,"Mtaalamu wa Forensiki za TEHAMA
Mtaalamu wa Forensiki za Taarifa
Mtaalamu wa Forensiki za Kompyuta
Mchunguzi wa Forensiki za Kompyuta
Mchambuzi wa Forensiki za Kidijitali
Mtaalamu wa Forensiki za Kidijitali
Mtaalamu wa Forensiki za Mtandaoni
Mtaalamu Maalumu wa Forensiki za Kidijitali
Mchambuzi wa Usalama wa Mtandaoni
Mtaalamu wa Forensiki za Kidijitali
Wataalamu wa Forensiki za Kidijitali",,"mtaalamu wa uchunguzi wa ICT
mtaalamu wa uchunguzi wa habari
mtaalamu wa uchunguzi wa kompyuta
mchunguzi wa uchunguzi wa kompyuta
mchambuzi wa uchunguzi wa kidijitali
mtaalamu wa uchunguzi wa kidijitali
mtaalamu wa uchunguzi wa mtandao
mchambuzi wa usalama wa mtandao
wataalamu wa uchunguzi wa kidijitali"
687671c1ebd2bf665349e01e,http://data.europa.eu/esco/occupation/98358049-fbcd-479e-a644-e92bde5af2e0,activism officer,afisa wa harakati,Afisa Uanaharakati,,"Activism officers promote or hinder social, political, economic or environmental change by using different tactics such as persuasive research, media pressure or public campaigning.","Maafisa wa harakati huchochea au huzuia mabadiliko ya kijamii, kisiasa, kiuchumi au kimazingira kwa kutumia mbinu tofauti kama vile utafiti wa kushawishi, shinikizo la vyombo vya habari au kampeni za umma.","Maafisa uanaharakati huendeleza au kuzuia mabadiliko ya kijamii, kisiasa, kiuchumi au kimazingira kwa kutumia mbinu tofauti kama vile utafiti wenye ushawishi, shinikizo la vyombo vya habari au kampeni za umma.",,"Afisa Uanaharakati na Matukio
Afisa Uanaharakati
Afisa Uanaharakati na Ushirikishwaji
Mfanyakazi wa Kampeni
Mwanaharakati
Afisa wa Misaada
Afisa Uanaharakati na Ushirikishwaji
Mwanakampeni
Afisa Uanaharakati na Matukio
Mratibu wa Uanaharakati
Afisa wa Matukio",,"afisa wa harakati na matukio
afisa wa harakati
afisa wa harakati na ushirikishwaji
mfanyakazi wa kampeni
mwanaharakati
afisa wa shirika la hisani
mwanakampeni
mratibu wa harakati
afisa wa matukio"
687671c1ebd2bf665349deb8,http://data.europa.eu/esco/occupation/ac37627c-a999-4779-997e-9795cc4f9a3d,power distribution engineer,mhandisi wa usambazaji wa umeme,Mhandisi wa Usambazaji Umeme,,"Power distribution engineers design and operate facilities which distribute power from the distribution facility to the consumers. They research methods for the optimisation of power distribution, and ensure the consumers' needs are met. They also ensure compliance to safety regulations by monitoring the automated processes in plants and directing workflow.","Wahandisi wa usambazaji wa umeme hubuni na kuendesha vituo vinavyosambaza umeme kutoka kituo cha usambazaji hadi kwa walaji. Wanatafiti mbinu za kuboresha usambazaji wa umeme, na kuhakikisha mahitaji ya walaji yanatimizwa. Pia wanahakikisha uzingatiaji wa kanuni za usalama kwa kufuatilia michakato ya kiotomatiki katika mitambo na kuelekeza mtiririko wa kazi.","Wahandisi wa usambazaji umeme hubuni na kuendesha mitambo inayosambaza umeme kutoka kituo cha usambazaji hadi kwa wateja. Wao hutafiti mbinu za kuboresha usambazaji wa umeme, na kuhakikisha mahitaji ya wateja yanatimizwa. Pia huhakikisha uzingatiaji wa kanuni za usalama kwa kufuatilia michakato ya kiotomatiki katika mitambo na kuelekeza mtiririko wa kazi.",,"Mtaalamu Maalumu wa Uhandisi wa Teknolojia ya Usambazaji Umeme
Mtaalamu wa Uhandisi wa Usambazaji Umeme
Mshauri wa Uhandisi wa Usambazaji Umeme
Mhandisi wa Usambazaji Umeme
Mtaalamu Maalumu wa Uhandisi wa Usambazaji Umeme
Mshauri Mwelekezi wa Uhandisi wa Teknolojia ya Usambazaji Umeme
Mhandisi wa Mifumo ya Usambazaji Umeme
Mhandisi wa Mfumo wa Usambazaji Umeme
Mshauri wa Uhandisi wa Teknolojia ya Usambazaji Umeme
Mtaalamu wa Uhandisi wa Teknolojia ya Usambazaji Umeme
Mhandisi wa Teknolojia ya Usambazaji Umeme
Mhandisi wa Usambazaji Umeme
Mshauri Mwelekezi wa Uhandisi wa Usambazaji Umeme",,"mtaalamu wa uhandisi wa teknolojia ya usambazaji wa umeme
mtaalamu mshauri wa uhandisi wa usambazaji wa umeme
mshauri wa uhandisi wa usambazaji wa umeme
mhandisi wa usambazaji wa umeme
mtaalamu wa uhandisi wa usambazaji wa umeme
mshauri wa uhandisi wa teknolojia ya usambazaji wa umeme
mhandisi wa mifumo ya usambazaji wa umeme
mhandisi wa mfumo wa usambazaji wa umeme
mhandisi wa teknolojia ya usambazaji wa umeme
wahandisi wa usambazaji wa umeme"
687671c1ebd2bf665349e863,urn:icatus:2016:422,assisting dependent adults with medical care,Msaidizi wa watu wazima tegemezi katika huduma za matibabu,Kusaidia watu wazima tegemezi kwa huduma za matibabu,,"Refers to the provision of medical/health care to dependent adults.

Examples:
– Prepared medicines for elderly mother","Inarejelea utoaji wa huduma za matibabu/afya kwa watu wazima tegemezi.

Mifano:
– Nilimwandalia dawa mama mzee","Inarejelea utoaji wa huduma za matibabu/afya kwa watu wazima tegemezi.

Mifano:
– Kuandaa dawa kwa ajili ya mama mzee",,"Kusaidia watu wazima tegemezi kwa huduma za matibabu
Kusaidia watu wazima tegemezi katika huduma za afya
Kusaidia watu wazima tegemezi wenye mahitaji ya kimatibabu",,"Msaidizi wa watu wazima tegemezi katika huduma za matibabu
kusaidia watu wazima tegemezi katika huduma ya afya
kusaidia watu wazima tegemezi wenye mahitaji ya matibabu"
687671c1ebd2bf665349de2f,http://data.europa.eu/esco/occupation/7af81505-6681-49b5-b65e-401884a71f1f,groundwater monitoring technician,fundi ufuatiliaji wa maji ya ardhini,Fundi Sanifu wa Ufuatiliaji wa Maji ya Ardhini,,"Groundwater monitoring technician monitor the environment, gathering data in the form of samples and performing tests in a laboratory or field, to investigate potential sources of pollution. They also perform maintenance tasks on the monitoring equipment.","Mafundi ufuatiliaji wa maji ya ardhini hufuatilia mazingira, wakikusanya data kwa njia ya sampuli na kufanya vipimo katika maabara au nyanjani, ili kuchunguza vyanzo vinavyoweza kusababisha uchafuzi. Pia hufanya kazi za matengenezo kwenye vifaa vya ufuatiliaji.","Mafundi sanifu wa ufuatiliaji wa maji ya ardhini hufuatilia mazingira, wakikusanya data kwa njia ya sampuli na kufanya majaribio katika maabara au eneo la kazi, ili kuchunguza vyanzo vinavyoweza kusababisha uchafuzi. Pia hufanya kazi za matengenezo kwenye vifaa vya ufuatiliaji.",,"Fundi Sanifu wa Ulinzi wa Maji ya Ardhini
Fundi Sanifu wa Maji ya Ardhini
Fundi Sanifu wa Ukusanyaji Sampuli za Maji ya Ardhini
Fundi Sanifu wa Ulinzi wa Mazingira
Fundi Sanifu wa Mfumo wa Ufuatiliaji wa Maji ya Ardhini
Fundi Sanifu wa Maabara ya Maji ya Ardhini
Fundi Sanifu wa Ufuatiliaji wa Maji ya Ardhini
Fundi Sanifu wa Uhifadhi wa Mazingira",,"fundi ulinzi wa maji ya ardhini
fundi wa maji ya ardhini
fundi uchukuaji sampuli za maji ya ardhini
fundi ulinzi wa mazingira
fundi wa mfumo wa ufuatiliaji wa maji ya ardhini
fundi maabara ya maji ya ardhini
fundi ufuatiliaji wa maji ya ardhini
fundi uhifadhi wa mazingira"
687671c1ebd2bf665349e760,http://data.europa.eu/esco/occupation/db25e659-d77c-4f4a-a8a2-ee199d060345,miller,msagaji,Msagaji,,Millers tend mills to grind cereal crops to obtain flour. They regulate the flow of materials that go into mills and adjust the grind to a specified fineness. They ensure basic maintenance and cleaning of equipments. They evaluate sample of product to verify fineness of grind.,Wasagaji huendesha vinu ili kusaga mazao ya nafaka ili kupata unga. Wanadhibiti mtiririko wa vifaa vinavyoingia kwenye vinu na kurekebisha usagaji kwa ulaini maalum. Wanahakikisha matengenezo ya kimsingi na usafishaji wa vifaa. Wanatathmini sampuli ya bidhaa ili kuhakiki ulaini wa usagaji.,Wasagaji huendesha vinu vya kusaga mazao ya nafaka ili kupata unga. Wao hudhibiti mtiririko wa malighafi zinazoingia kwenye vinu na kurekebisha usagaji kwa wembamba maalum. Wao huhakikisha matengenezo ya msingi na usafishaji wa vifaa. Wao huchunguza sampuli ya bidhaa ili kuthibitisha wembamba wa usagaji.,,"Msagaji unga
Msagaji
Mfanyakazi wa kinu cha unga
Mfanyakazi wa kinu cha nafaka
Msagaji nafaka",,"msagaji wa unga
msagaji
mfanyakazi wa kinu cha unga
mfanyakazi wa kinu cha nafaka
msagaji wa nafaka"
687671c1ebd2bf665349e846,urn:icatus:2016:325,"tending furnace, boiler, fireplace for heating and water supply","Mhudumu wa tanuru, boila, na kiko kwa ajili ya upashaji joto na usambazaji wa maji","Kuhudumia tanuru, boileri, meko kwa ajili ya kupasha joto na usambazaji wa maji",,"Refers to activities related to tending furnace, boiler, fireplace for heating and water supply.

Examples:
- Checked the boiler
- Heated up sauna
- Lit the boiler
- Prepared the heating material
- Warmed water for bath
- Went down into the cellar and put firewood in the boiler","Inahusu shughuli zinazohusiana na kuhudumia tanuru, boila, na kiko kwa ajili ya upashaji joto na usambazaji wa maji.","Inarejelea shughuli zinazohusiana na kuhudumia tanuru, boileri, meko kwa ajili ya kupasha joto na usambazaji wa maji.

Mifano:
- Alikagua boileri
- Alipasha joto sauna
- Aliwasha boileri
- Aliandaa vifaa vya kupashia joto
- Alipasha maji moto kwa ajili ya kuoga
- Alishuka kwenye chumba cha chini na kuweka kuni kwenye boileri",,"Kuhudumia tanuru, boileri, meko kwa ajili ya kupasha joto na usambazaji wa maji
Matengenezo ya mfumo wa kupasha joto
Utunzaji wa mfumo wa kupasha joto makazini
Maandalizi ya kupasha joto kwa kutumia nishati",,"Mhudumu wa tanuru, boila, na kiko kwa ajili ya upashaji joto na usambazaji wa maji
matengenezo ya mfumo wa upashaji joto
utunzaji wa upashaji joto wa makazi
maandalizi ya upashaji joto kwa kutumia nishati"
687671c1ebd2bf665349e546,http://data.europa.eu/esco/occupation/123a195c-103a-4b84-b3fd-6d40dbc15c54,coquille casting worker,mfanyakazi wa kumimina chuma kwenye kalibu ya chuma (coquille),Mfanyakazi wa umiminaji kwa kokili,,"Coquille casting workers manufacture castings, including pipes, tubes, hollow profiles and other products of the first processing of steel, by operating hand-controlled equipment in a foundry. They conduct the flow of molten ferrous and non-ferrous metals into coquilles, taking care to create the exact right circumstances to obtain the highest quality metal. They observe the flow of metal to identify faults. In case of a fault, they notify the authorised personnel and participate in the removal of the fault.","Wafanyakazi wa kumimina chuma kwenye kalibu ya chuma (coquille) hutengeneza bidhaa za chuma zilizomiminwa, ikiwa ni pamoja na mabomba, tyubu, wasifu wenye uwazi na bidhaa nyingine za usindikaji wa kwanza wa chuma, kwa kuendesha vifaa vinavyodhibitiwa kwa mkono katika kiwanda cha kuyeyusha chuma. Wanaongoza mtiririko wa metali za ferasi na zisizo za ferasi zilizoyeyushwa kwenye kalibu za chuma (coquilles), wakizingatia kuweka mazingira sahihi kabisa ili kupata chuma cha ubora wa juu zaidi. Wanatazama mtiririko wa chuma ili kutambua hitilafu. Ikitokea hitilafu, hutoa taarifa kwa wafanyakazi walioidhinishwa na kushiriki katika kuondoa hitilafu hiyo.","Wafanyakazi wa umiminaji kwa kokili hutengeneza bidhaa za umiminaji, ikiwemo mabomba, neli, profaili zenye uwazi na bidhaa nyingine za uchakataji wa awali wa chuma, kwa kuendesha vifaa vinavyodhibitiwa kwa mikono katika kiwanda cha uyeyushaji. Wao huelekeza mtiririko wa metali za chuma na zisizo za chuma zilizoyeyushwa kwenye kokili, wakihakikisha wanatengeneza mazingira sahihi kabisa ili kupata metali ya ubora wa juu zaidi. Wao huchunguza mtiririko wa metali ili kubaini kasoro. Ikitokea kasoro, wao huwaarifu wafanyakazi walioidhinishwa na kushiriki katika kuondoa kasoro hiyo.",,"Mmimimaji
Mfanyakazi wa umiminaji kwa kokili
Mtengenezaji viini vya kiwandani
Mmimimaji wa kiwandani
Waendeshaji mchakato wa kiwandani
Mmimimaji kwa kokili
Wafanyakazi wa umiminaji kwa kokili
Waundaji kalibu za mchanga kiwandani
Wamimimaji wa kiwandani",,"mmiminaji chuma
mfanyakazi wa kumimina chuma kwenye kalibu ya chuma (coquille)
watengeneza viini vya kiwanda cha kuyeyusha chuma
mmiminaji chuma wa kiwanda cha kuyeyusha chuma
waendeshaji wa michakato ya kiwanda cha kuyeyusha chuma
mmiminaji chuma kwenye kalibu ya chuma (coquille)
wafanyakazi wa kumimina chuma kwenye kalibu ya chuma (coquille)
wafinyanzi wa mchanga wa kiwanda cha kuyeyusha chuma
wamiminaji chuma wa kiwanda cha kuyeyusha chuma"
687671c0ebd2bf665349dde1,http://data.europa.eu/esco/occupation/f5166c6b-3467-4fc4-9343-d12e870d9def,contact centre manager,meneja wa kituo cha mawasiliano,Meneja wa kituo cha mawasiliano,,"Contact centre managers coordinate and plan the daily operations of contact centres. They ensure that customer inquiries are satisfied efficiently and according to policies. They manage employees, resources and procedures to improve best practices and achieve high levels of customer satisfaction.","Wameneja wa vituo vya mawasiliano huratibu na kupanga shughuli za kila siku za vituo vya mawasiliano. Wanahakikisha kuwa maswali ya wateja yanajibiwa kwa ufanisi na kulingana na sera. Wanasimamia wafanyakazi, rasilimali na taratibu ili kuboresha mbinu bora na kufikia viwango vya juu vya kuridhika kwa wateja.","Meneja wa vituo vya mawasiliano huratibu na kupanga shughuli za kila siku za vituo vya mawasiliano. Wao huhakikisha kwamba maswali ya wateja yanajibiwa kwa ufanisi na kulingana na sera. Wao husimamia wafanyakazi, rasilimali na taratibu ili kuboresha mbinu bora na kufikia viwango vya juu vya kuridhika kwa wateja.",,"Meneja wa huduma kwa wateja
Meneja wa kituo cha mawasiliano
Meneja wa kituo cha mawasiliano",,"meneja wa huduma kwa wateja
meneja wa kituo cha mawasiliano"
687671c1ebd2bf665349e5e1,http://data.europa.eu/esco/occupation/b3cd0522-14a9-4e21-a7ee-c9a1f9c0de51,carpet weaver,msukaji wa mazulia,Mfumi wa mazulia,,"Carpet weavers operate machinery to create textile floor coverings. They create carpets and rugs from wool or synthetic textiles using specialised equipment. Carpet weavers can use diverse methods such as weaving, knotting or tufting to create carpets of different styles.","Wasukaji wa mazulia huendesha mitambo ili kuunda vifuniko vya sakafu vya nguo. Wanatengeneza mazulia na mikeka kutoka kwa sufu au nguo za sintetiki kwa kutumia vifaa maalum. Wasukaji wa mazulia wanaweza kutumia mbinu mbalimbali kama vile kusuka, kufunga mafundo au kuweka vishada ili kuunda mazulia ya mitindo tofauti.","Wafumi wa mazulia huendesha mashine ili kutengeneza mazulia ya nguo ya sakafuni. Wao hutengeneza mazulia na mikeka kutokana na sufi au nguo za sintetiki wakitumia vifaa maalum. Wafumi wa mazulia wanaweza kutumia mbinu mbalimbali kama vile ufumaji, ufungaji wa mafundo au utufti ili kutengeneza mazulia ya mitindo tofauti.",,"Mtengenezaji, tapiseri
Mtengenezaji wa mazulia
Mfumi wa mazulia
Wafumi wa mazulia
Mwendeshaji wa mashine ya kutufti mazulia
Mwendeshaji wa mashine ya kufuma mazulia
Mtengenezaji wa mikeka
Mfumi wa mikeka",,"Mtengenezaji, vitambaa vya ukutani
mtengenezaji wa mazulia
msukaji wa mazulia
wasukaji wa mazulia
opereta wa mashine ya kuweka vishada kwenye mazulia
opereta wa mashine ya kusuka mazulia
mtengenezaji wa mikeka
msukaji wa mikeka"
687671c1ebd2bf665349e35b,http://data.europa.eu/esco/occupation/5a80044b-9b2f-40eb-a210-0c1c3c958e0e,lifeguard instructor,mkufunzi wa walinzi wa maisha,Mkufunzi wa Waokoaji,,"Lifeguard instructors teach future (professional) lifeguards the necessary programmes and methods needed to become a licensed lifeguard. They provide training on safety supervision of all swimmers, assessment of potentially hazardous situations, rescue-specific swimming and diving techniques, first aid treatment for swimming-related injuries, and they inform students on preventative lifeguard responsibilities. They ensure students are aware of the importance of checking safe water quality, heeding risk management and being aware of the necessary protocols and regulations regarding lifeguarding and rescuing. They monitor the students' progress, evaluate them through theoretical and practical tests and award the lifeguard licenses when obtained.","Wakufunzi wa walinzi wa maisha huwafundisha walinzi wa maisha wa baadaye (wataalamu) programu na mbinu muhimu zinazohitajika ili kuwa mlinzi wa maisha aliyeidhinishwa. Wanatoa mafunzo juu ya usimamizi wa usalama wa waogeleaji wote, tathmini ya hali zinazoweza kuwa hatari, mbinu maalum za uokoaji za kuogelea na kupiga mbizi, matibabu ya huduma ya kwanza kwa majeraha yanayohusiana na kuogelea, na huwafahamisha wanafunzi kuhusu majukumu ya kuzuia ya walinzi wa maisha. Wanahakikisha wanafunzi wanafahamu umuhimu wa kuangalia ubora wa maji salama, kuzingatia usimamizi wa hatari na kufahamu itifaki na kanuni muhimu kuhusu ulinzi wa maisha na uokoaji. Wanafuatilia maendeleo ya wanafunzi, wanawafanyia tathmini kupitia majaribio ya kinadharia na ya vitendo na kutoa leseni za ulinzi wa maisha zinapopatikana.","Wakufunzi wa waokoaji huwafundisha waokoaji wa siku zijazo (wa kitaalamu) programu na mbinu muhimu zinazohitajika ili kuwa waokoaji wenye leseni. Hutoa mafunzo kuhusu usimamizi wa usalama wa waogeleaji wote, tathmini ya hali zinazoweza kuwa hatari, mbinu maalum za kuogelea na kupiga mbizi za uokoaji, matibabu ya huduma ya kwanza kwa majeraha yanayohusiana na kuogelea, na huwafahamisha wanafunzi kuhusu majukumu ya kinga ya uokoaji. Huhakikisha wanafunzi wanafahamu umuhimu wa kukagua ubora wa maji salama, kuzingatia usimamizi wa hatari na kufahamu itifaki na kanuni muhimu kuhusu ulinzi na uokoaji. Hufuatilia maendeleo ya wanafunzi, huwatathmini kupitia mitihani ya nadharia na vitendo na kutoa leseni za uokoaji wanapofaulu.",,"Mkufunzi wa mafunzo ya uokoaji
Mkufunzi wa waokoaji wa bwawa la kuogelea
Mkufunzi wa Waokoaji
Mfunzi wa waokoaji wa bwawa la kuogelea
Mtaalamu wa mafunzo ya uokoaji
Mfunzi wa waokoaji
Mkufunzi wa waokoaji wa kitaalamu
Mkufunzi wa waokoaji",,"mkufunzi wa mafunzo ya walinzi wa maisha
mkufunzi wa walinzi wa maisha wa bwawa la kuogelea
mkufunzi wa walinzi wa maisha
mkufunzi wa walinzi wa maisha wa bwawa
mtaalamu wa mafunzo ya walinzi wa maisha
mkufunzi wa walinzi wa maisha wataalamu"
687671c0ebd2bf665349dce1,http://data.europa.eu/esco/occupation/ef6020f9-11b4-4d1a-96e0-903331594121,footwear product development manager,meneja wa maendeleo ya bidhaa za viatu,Meneja wa Uendelezaji wa Bidhaa za Viatu,,"Footwear product development managers coordinate the footwear design and the product and collection development process in order to comply with design specifications, deadlines, strategic requirements and policies of the company. They track style development and review design specifications in order to meet the design vision, the manufacturing environment, and the company’s financial goals.","Mameneja wa maendeleo ya bidhaa za viatu wanaratibu muundo wa viatu na mchakato wa maendeleo ya bidhaa na mkusanyiko ili kuzingatia vipimo vya muundo, tarehe za mwisho, mahitaji ya kimkakati na sera za kampuni. Wanafuatilia maendeleo ya mtindo na kupitia vipimo vya muundo ili kufikia maono ya muundo, mazingira ya utengenezaji, na malengo ya kifedha ya kampuni.","Meneja wa uendelezaji wa bidhaa za viatu huratibu usanifu wa viatu na mchakato wa uendelezaji wa bidhaa na mkusanyiko ili kutimiza vipimo vya usanifu, makataa, mahitaji ya kimkakati na sera za kampuni. Hufuatilia uendelezaji wa mitindo na kupitia upya vipimo vya usanifu ili kufikia dira ya usanifu, mazingira ya utengenezaji, na malengo ya kifedha ya kampuni.",,"Meneja wa bidhaa za viatu
Meneja wa uzalishaji na uendelezaji wa viatu
Meneja wa Uendelezaji wa Bidhaa za Viatu
Kiongozi wa timu ya uendelezaji wa bidhaa
Meneja wa uzalishaji na uendelezaji wa viatu
Meneja wa maandalizi ya uzalishaji
Kiongozi wa timu ya uendelezaji wa viatu
Mwendeshaji mkuu wa bidhaa",,"meneja wa bidhaa za viatu
meneja wa uzalishaji na maendeleo ya viatu
meneja wa maendeleo ya bidhaa za viatu
kiongozi wa timu ya maendeleo ya bidhaa
meneja wa kabla ya uzalishaji
kiongozi wa timu ya maendeleo ya viatu
mwendelezaji mkuu wa bidhaa"
687671c0ebd2bf665349dcd9,http://data.europa.eu/esco/occupation/cd7b838c-51f6-41ec-9067-bb974c0f991b,communication manager,meneja wa mawasiliano,Meneja Mawasiliano,,"Communication managers are responsible for developing communication strategies in order to promote the organization's mission, services or product. They coordinate communication projects and manage the communications issued by the company for both the internal and the external clients. They supervise internal communications, ensuring that communications reach each one of the employees and further questions can be answered. For external communications, they coordinate coherence among the messages transmitted in mails, printed materials, press articles, and corporate promotional materials. They strive to maintain truthful communications.","Mameneja wa mawasiliano wanawajibika kwa kuandaa mikakati ya mawasiliano ili kukuza dhamira, huduma au bidhaa ya shirika. Wanaratibu miradi ya mawasiliano na kusimamia mawasiliano yanayotolewa na kampuni kwa wateja wa ndani na nje. Wanasimamia mawasiliano ya ndani, wakihakikisha kuwa mawasiliano yanamfikia kila mmoja wa wafanyakazi na maswali zaidi yanaweza kujibiwa. Kwa mawasiliano ya nje, wanaratibu uwiano kati ya ujumbe unaotumwa katika barua, vifaa vilivyochapishwa, makala za vyombo vya habari, na vifaa vya kukuza shirika. Wanajitahidi kudumisha mawasiliano ya kweli.","Meneja mawasiliano wanawajibika kuandaa mikakati ya mawasiliano ili kukuza dhamira, huduma au bidhaa za shirika. Huratibu miradi ya mawasiliano na kusimamia mawasiliano yanayotolewa na kampuni kwa wateja wa ndani na wa nje. Husimamia mawasiliano ya ndani, wakihakikisha kuwa mawasiliano yanamfikia kila mmoja wa wafanyakazi na maswali zaidi yanaweza kujibiwa. Kwa mawasiliano ya nje, huratibu uwiano kati ya jumbe zinazotumwa kwa barua pepe, nyenzo zilizochapishwa, makala za vyombo vya habari, na nyenzo za matangazo ya shirika. Hujitahidi kudumisha mawasiliano ya kweli.",,"Meneja wa mawasiliano ya ndani
Meneja wa mitandao ya kijamii
Meneja mawasiliano mwandishi wa lugha za kigeni
Mtaalamu wa mawasiliano
Msemaji wa vyombo vya habari
Mshirika wa mawasiliano
Meneja wa uhusiano wa umma
Meneja Mawasiliano
Meneja wa mawasiliano
Meneja wa mawasiliano ya nje
Meneja wa mawasiliano ya shirika
Meneja wa uhusiano wa umma na mawasiliano
Meneja wa mawasiliano ya mtandaoni",,"meneja wa mawasiliano ya ndani
meneja wa mitandao ya kijamii
meneja wa mawasiliano wa mwandishi wa lugha ya kigeni
mtaalamu wa mawasiliano
msemaji wa vyombo vya habari
mshiriki wa mawasiliano
meneja wa uhusiano wa umma
meneja wa mawasiliano
meneja wa mawasiliano ya nje
meneja wa mawasiliano ya shirika
meneja wa uhusiano wa umma na mawasiliano
meneja wa mawasiliano ya mtandaoni"
687671c0ebd2bf665349ddfc,http://data.europa.eu/esco/occupation/6336c205-46bd-42f6-9e67-6b0be6e7618c,hydrogeologist,mwanahajidro-jiolojia,Mtaalamu wa Jiolojia ya Maji,,"Hydrogeologists in mining study the distribution, quality and flow of water in order to keep mine workings free of nuisance water and to ensure an adequate supply of process water. They supply and evaluate information which will protect ground and surface water from contamination.","Wanahajidro-jiolojia katika uchimbaji madini huchunguza usambazaji, ubora na mtiririko wa maji ili kuweka maeneo ya kazi ya migodini bila maji yanayosumbua na kuhakikisha usambazaji wa kutosha wa maji ya mchakato. Wanatoa na kutathmini taarifa ambazo zitalinda maji ya chini ya ardhi na ya juu dhidi ya uchafuzi.","Wataalamu wa jiolojia ya maji katika uchimbaji madini huchunguza usambazaji, ubora na mtiririko wa maji ili kuweka maeneo ya kazi ya mgodi bila maji ya kero na kuhakikisha ugavi wa kutosha wa maji ya mchakato. Hutoa na kutathmini taarifa ambazo zitalinda maji ya ardhini na ya juu ya ardhi dhidi ya uchafuzi.",,"Mtaalamu wa Jiolojia ya Maji
Mshauri wa jiolojia ya maji
Mshauri mtaalamu wa jiolojia ya maji
Mhandisi wa shinikizo la vinyweleo
Mtaalamu wa hidrolojia
Mshauri mtaalamu wa hidrolojia
Mhandisi wa tathmini ya miamba",,"mwanahajidro-jiolojia
mshauri wa hajidro-jiolojia
mwanahajidro-jiolojia mshauri
mhandisi wa shinikizo la vinyweleo
mtaalamu wa hidrolojia
mtaalamu wa hidrolojia mshauri
mhandisi wa tathmini ya uundaji"
687671c1ebd2bf665349dfb1,http://data.europa.eu/esco/occupation/6e1b1bd7-9eec-4f10-bce7-94a27d9023e8,admissions coordinator,mratibu wa udahili,Mratibu wa Udahili,,"Admissions coordinators are in charge of the students' applications and admissions to a (private) school, college or university. They assess possible future students' qualifications and subsequently approve or deny their application, based on the regulations and desires set by the board of directors and the school administration. They also assist the accepted students in their enrollment in the programme and courses of their choice.","Waratibu wa udahili wanasimamia maombi na udahili wa wanafunzi katika shule (ya binafsi), chuo au chuo kikuu. Wanatathmini sifa za wanafunzi watarajiwa na baadaye kuidhinisha au kukataa maombi yao, kulingana na kanuni na matakwa yaliyowekwa na bodi ya wakurugenzi na uongozi wa shule. Pia huwasaidia wanafunzi waliokubaliwa katika kujiandikisha kwenye programu na kozi wanazochagua.","Waratibu wa udahili husimamia maombi na udahili wa wanafunzi katika shule (ya kibinafsi), chuo au chuo kikuu. Hutathmini sifa za wanafunzi watarajiwa na baadaye kuidhinisha au kukataa maombi yao, kulingana na kanuni na matakwa yaliyowekwa na bodi ya wakurugenzi na uongozi wa shule. Pia huwasaidia wanafunzi waliodahiliwa katika kujiandikisha kwenye programu na kozi wanazochagua.",,"Mratibu wa udahili shuleni
Afisa udahili
Mratibu wa udahili
Afisa udahili wa wanafunzi
Mratibu wa udahili chuoni
Mratibu wa Udahili
Mratibu wa udahili chuo kikuu
Mratibu wa udahili katika elimu
Mratibu wa udahili wa wanafunzi
Mratibu wa udahili wa wanafunzi
Mratibu wa udahili chuo kikuu",,"mratibu wa udahili wa shule
afisa wa udahili
mratibu wa udahili
afisa wa udahili wa wanafunzi
mratibu wa udahili wa chuo
mratibu wa udahili wa chuo kikuu
mratibu wa udahili katika elimu
mratibu wa udahili wa wanafunzi
mratibu wa udahili katika chuo kikuu"
687671c1ebd2bf665349e053,http://data.europa.eu/esco/occupation/866c7813-2c03-47d7-9bdc-192cfbace57c,user interface developer,mwendelezaji wa kiolesura cha mtumiaji,Msanidi wa kiolesura cha mtumiaji,,"User interface developers implement, code, document and maintain the interface of a software system by using front-end development technologies.","Waendelezaji wa kiolesura cha mtumiaji hutekeleza, kuandika msimbo, kuandika nyaraka na kudumisha kiolesura cha mfumo wa programu kwa kutumia teknolojia za uendelezaji wa upande wa mbele.","Wasanidi wa kiolesura cha mtumiaji hutekeleza, huandika msimbo, huandika nyaraka na hudumisha kiolesura cha mfumo wa programu kwa kutumia teknolojia za usanidi wa front-end.",,"Wasanidi wa kiolesura cha mtumiaji
Wasanidi wa UI
Msanidi wa front-end
Mhandisi wa kiolesura cha mtumiaji
Mprogramu wa UI
Msanidi wa UI
Msanidi wa kiolesura cha mtumiaji",,"waendelezaji wa kiolesura cha mtumiaji
waendelezaji wa UI
mwendelezaji wa upande wa mbele
mhandisi wa kiolesura cha mtumiaji
mprogramu wa UI
mwendelezaji wa UI
mwendelezaji wa kiolesura cha mtumiaji"
687671c1ebd2bf665349e4b1,http://data.europa.eu/esco/occupation/56245067-16f0-43e7-84fa-4a1e794a6ac0,rental service representative in office machinery and equipment,mwakilishi wa huduma za ukodishaji wa mashine na vifaa vya ofisi,Mwakilishi wa huduma za ukodishaji wa mashine na vifaa vya ofisi,,"Rental service representatives in office machinery and equipment are in charge of renting out equipment and determining specific periods of usage. They document transactions, insurances and payments.","Wawakilishi wa huduma za ukodishaji wa mashine na vifaa vya ofisi wanahusika na kukodisha vifaa na kuamua vipindi maalum vya matumizi. Wanaandika miamala, bima na malipo.","Wawakilishi wa huduma za ukodishaji wa mashine na vifaa vya ofisi husimamia ukodishaji wa vifaa na kubainisha muda maalum wa matumizi. Huandika kumbukumbu za miamala, bima na malipo.",,"Mfanyakazi wa mauzo ya ukodishaji wa mashine na vifaa vya ofisi
Msimamizi wa mauzo ya ukodishaji wa mashine na vifaa vya ofisi
Wakala wa dawati la mauzo ya ukodishaji wa mashine na vifaa vya ofisi
Mshauri wa ukodishaji wa mashine na vifaa vya ofisi
Msimamizi wa huduma za ukodishaji wa mashine na vifaa vya ofisi
Mwakilishi wa huduma za ukodishaji wa mashine na vifaa vya ofisi
Msaidizi wa huduma za ukodishaji wa mashine na vifaa vya ofisi
Msimamizi wa dawati la mauzo ya ukodishaji wa mashine na vifaa vya ofisi
Mtaalamu wa ukodishaji wa mashine na vifaa vya ofisi
Kiongozi wa timu ya mauzo ya ukodishaji wa mashine na vifaa vya ofisi
Kiongozi wa timu ya huduma za ukodishaji wa mashine na vifaa vya ofisi
Meneja wa mauzo ya ukodishaji wa mashine na vifaa vya ofisi
Meneja wa huduma za ukodishaji wa mashine na vifaa vya ofisi
Mfanyakazi wa huduma za ukodishaji wa mashine na vifaa vya ofisi
Karani wa dawati la huduma za ukodishaji wa mashine na vifaa vya ofisi
Karani wa dawati la mauzo ya ukodishaji wa mashine na vifaa vya ofisi
Msaidizi wa mauzo ya ukodishaji wa mashine na vifaa vya ofisi
Msimamizi wa dawati la huduma za ukodishaji wa mashine na vifaa vya ofisi
Wakala wa dawati la huduma za ukodishaji wa mashine na vifaa vya ofisi",,"mfanyakazi wa mauzo ya ukodishaji wa mashine na vifaa vya ofisi
msimamizi wa mauzo ya ukodishaji wa mashine na vifaa vya ofisi
wakala wa dawati la mauzo ya ukodishaji wa mashine na vifaa vya ofisi
mshauri wa ukodishaji wa mashine na vifaa vya ofisi
msimamizi wa huduma za ukodishaji wa mashine na vifaa vya ofisi
mwakilishi wa huduma za ukodishaji wa mashine na vifaa vya ofisi
msaidizi wa huduma za ukodishaji wa mashine na vifaa vya ofisi
msimamizi wa dawati la mauzo ya ukodishaji wa mashine na vifaa vya ofisi
mtaalamu wa ukodishaji wa mashine na vifaa vya ofisi
kiongozi wa timu ya mauzo ya ukodishaji wa mashine na vifaa vya ofisi
kiongozi wa timu ya huduma za ukodishaji wa mashine na vifaa vya ofisi
meneja wa mauzo ya ukodishaji wa mashine na vifaa vya ofisi
meneja wa huduma za ukodishaji wa mashine na vifaa vya ofisi
mfanyakazi wa huduma za ukodishaji wa mashine na vifaa vya ofisi
karani wa dawati la huduma za ukodishaji wa mashine na vifaa vya ofisi
karani wa dawati la mauzo ya ukodishaji wa mashine na vifaa vya ofisi
msaidizi wa mauzo ya ukodishaji wa mashine na vifaa vya ofisi
msimamizi wa dawati la huduma za ukodishaji wa mashine na vifaa vya ofisi
wakala wa dawati la huduma za ukodishaji wa mashine na vifaa vya ofisi"
687671c1ebd2bf665349e601,http://data.europa.eu/esco/occupation/fddb7bd8-f176-4dc8-9d12-32b6072452c9,electric meter technician,mtaalamu wa mita za umeme,Fundi wa mita za umeme,,Electric meter technicians install and maintain electric meter systems in facilities or buildings. They install the equipment in accordance with regulations and repair faults and other problems. They test the equipment and advise on the use and care.,Wataalamu wa mita za umeme huweka na kudumisha mifumo ya mita za umeme katika vituo au majengo. Wanaweka vifaa kulingana na kanuni na kukarabati hitilafu na matatizo mengine. Wanajaribu vifaa na kutoa ushauri kuhusu matumizi na utunzaji.,Mafundi wa mita za umeme hufunga na kudumisha mifumo ya mita za umeme katika majengo au miundombinu. Hufunga vifaa hivyo kwa kuzingatia kanuni na kurekebisha hitilafu na matatizo mengine. Hupima vifaa na kushauri kuhusu matumizi na utunzaji wake.,,"Fundi wa mita za umeme
Fundi wa mita janja
Mfungaji wa mita za umeme
Fundi wa ufungaji wa mita za umeme
Mhudumu wa matengenezo ya mita za umeme
Fundi wa upimaji wa mita za umeme
Mfanyakazi wa matengenezo ya mita za umeme
Fundi wa mita za umeme
Mfungaji wa mita janja
Fundi wa upimaji wa mita za umeme
Mfungaji wa mita za umeme
Mfanyakazi wa matengenezo ya mita za umeme
Fundi wa ufungaji wa mita za umeme
Mhudumu wa matengenezo ya mita za umeme",,"mtaalamu wa mita za umeme
mtaalamu wa mita janja
mwekaji wa mita za umeme
mtaalamu wa uwekaji wa mita za umeme
fundi wa matengenezo ya mita za umeme
mtaalamu wa majaribio ya mita za umeme
mfanyakazi wa matengenezo ya mita za umeme
mwekaji wa mita janja"
687671c0ebd2bf665349dcf8,http://data.europa.eu/esco/occupation/02f26b2f-879c-4811-8381-65e8dd3f4a16,footwear quality manager,meneja wa ubora wa viatu,Meneja wa ubora wa viatu,,"Footwear quality managers implement, manage and promote the quality systems in the company, using adequate tools and methodologies based on national, international or company standards. They are in charge of establishing requirements and objectives, as well as preparing documents. They analyse complaints, and promote and coordinate corrective and preventive measures. They promote an effective internal and external communication and ensure the consumer's demands are met. They are responsible for the definition of instruments which monitor and control the quality systems, namely internal or external auditing, and they participate in the internal auditing.","Meneja wa ubora wa viatu hutekeleza, kusimamia na kuendeleza mifumo ya ubora katika kampuni, kwa kutumia zana na mbinu za kutosha kulingana na viwango vya kitaifa, kimataifa au vya kampuni. Anahusika na kuweka mahitaji na malengo, pamoja na kuandaa nyaraka. Huchambua malalamiko, na kuendeleza na kuratibu hatua za kurekebisha na kuzuia. Huendeleza mawasiliano madhubuti ya ndani na nje na kuhakikisha mahitaji ya mlaji yanatimizwa. Anahusika na ufafanuzi wa vyombo vinavyofuatilia na kudhibiti mifumo ya ubora, yaani ukaguzi wa ndani au wa nje, na hushiriki katika ukaguzi wa ndani.","Meneja wa ubora wa viatu hutekeleza, husimamia na huendeleza mifumo ya ubora katika kampuni, kwa kutumia zana na mbinu zinazofaa kulingana na viwango vya kitaifa, kimataifa au vya kampuni. Wana jukumu la kuweka mahitaji na malengo, pamoja na kuandaa nyaraka. Huchanganua malalamiko, na huendeleza na kuratibu hatua za masahihisho na kinga. Huendeleza mawasiliano yenye ufanisi ya ndani na nje na kuhakikisha mahitaji ya mtumiaji yanatimizwa. Wana jukumu la kubainisha zana za kufuatilia na kudhibiti mifumo ya ubora, hasa ukaguzi wa ndani au wa nje, na hushiriki katika ukaguzi wa ndani.",,"Afisa mkuu wa ubora wa viatu
Meneja wa uhakikisho wa ubora wa viatu
Meneja wa udhibiti wa ubora wa viatu
Mratibu wa ubora wa viatu
Meneja wa ubora wa viatu",,"mtendaji wa ubora wa viatu
meneja wa uhakiki wa ubora wa viatu
meneja wa udhibiti wa ubora wa viatu
mratibu wa ubora wa viatu
meneja wa ubora wa viatu"
687671c1ebd2bf665349e596,http://data.europa.eu/esco/occupation/98c429ad-128e-467e-803a-9a6dc1ceed72,tyre fitter,mfungaji wa matairi,Fundi wa tairi,,"Tyre fitters inspect, maintain, repair and fit tyres to vehicles. They advise clients on different tyre and wheel types. Furthermore they balance the tyres, verify that the wheels are aligned correctly and ensure compliance with safety standards and regulations.","Wafungaji wa matairi hukagua, kudumisha, kukarabati na kufunga matairi kwenye magari. Wanawashauri wateja kuhusu aina tofauti za matairi na magurudumu. Aidha, wanasawazisha matairi, wanahakikisha kuwa magurudumu yamepangiliwa kwa usahihi na kuhakikisha uzingatiaji wa viwango na kanuni za usalama.","Mafundi wa tairi hukagua, hudumisha, hurekebisha na hufunga tairi kwenye magari. Huwashauri wateja kuhusu aina tofauti za tairi na magurudumu. Aidha, husawazisha tairi, huhakikisha kuwa magurudumu yamenyooka ipasavyo na kuhakikisha uzingatiaji wa viwango na kanuni za usalama.",,"Mkaguzi wa tairi
Fundi mitambo wa magurudumu
Fundi wa kufunga na kugeuza
Fundi wa tairi
Mfungaji wa magurudumu
Fundi mitambo
Msaidizi wa gereji
Fundi wa tairi",,"mkaguzi wa matairi
fundi wa magurudumu
mfungaji na mgeuzaji
mfungaji wa tairi
mfungaji wa magurudumu
fundi mitambo
msaidizi wa gereji
mfungaji wa matairi"
687671c1ebd2bf665349dfc9,http://data.europa.eu/esco/occupation/b09acdda-6680-49d1-a411-129610ee3bc0,corporate risk manager,meneja wa hatari za shirika,Meneja wa Hatari za Shirika,,"Corporate risk managers identify and assess potential threats and opportunities to a company, and give advice on how to deal with them. They create preventive plans to avoid and reduce risks, and put plans in place for when the company is threatened. They coordinate risk management aspects across the different functions of an organisation and are responsible for technical activities such as risk assessment, risk mapping and insurance purchase. They report on risk issues to the senior management and the company's board.","Mameneja wa hatari za shirika hutambua na kutathmini vitisho na fursa zinazoweza kutokea kwa kampuni, na kutoa ushauri wa jinsi ya kukabiliana nazo. Wanaunda mipango ya kuzuia ili kuepuka na kupunguza hatari, na kuweka mipango wakati kampuni inatishiwa. Wanaratibu vipengele vya usimamizi wa hatari katika kazi mbalimbali za shirika na wanawajibika kwa shughuli za kiufundi kama vile tathmini ya hatari, ramani ya hatari na ununuzi wa bima. Wanatoa ripoti kuhusu masuala ya hatari kwa usimamizi mkuu na bodi ya kampuni.","Meneja wa hatari za shirika hubainisha na kutathmini vitisho na fursa zinazoweza kuikabili kampuni, na kutoa ushauri jinsi ya kukabiliana navyo. Huandaa mipango ya kinga ili kuepuka na kupunguza hatari, na kuweka mipango ya utekelezaji pale kampuni inapokabiliwa na tishio. Huratibu masuala ya usimamizi wa hatari katika idara mbalimbali za shirika na huwajibika kwa shughuli za kiufundi kama vile tathmini ya hatari, uchoraji ramani ya hatari na ununuzi wa bima. Hutoa ripoti kuhusu masuala ya hatari kwa wasimamizi wakuu na bodi ya kampuni.",,"Meneja wa hatari
Mtaalamu wa usimamizi wa hatari
Afisa mkuu wa hatari
Meneja wa hatari za uendeshaji
Mshauri wa hatari na bima
Meneja wa idara ya hatari za shirika
Mtendaji mkuu wa hatari
Mkurugenzi wa usimamizi wa hatari
Meneja wa Hatari za Shirika",,"meneja wa hatari
mtaalamu wa usimamizi wa hatari
afisa mkuu wa hatari
meneja wa hatari za uendeshaji
mshauri wa hatari na bima
meneja wa idara ya hatari za shirika
mtendaji mkuu wa hatari
mkurugenzi wa usimamizi wa hatari
meneja wa hatari za shirika"
687671c1ebd2bf665349e7f2,http://data.europa.eu/esco/occupation/69e4e877-9d7a-4df0-973b-34defd318e26,aircraft groomer,msafishaji wa ndege,Msafishaji wa Ndege,,"Aircraft groomers clean aircraft cabins and airplanes after usage. They vacuum or sweep the interior of cabin, brush debris from seats, and arrange seat belts. They clean trash and debris from seat pockets and arranged in-flight magazines, safety cards, and sickness bags. They also clean galleys and lavatories.","Wasafishaji wa ndege husafisha vyumba vya ndege na eropleni baada ya matumizi. Wananyonya vumbi au kufagia mambo ya ndani ya kabati, kupiga brashi uchafu kutoka kwenye viti, na kupanga mikanda ya usalama. Wanasafisha takataka na uchafu kutoka kwenye mifuko ya viti na kupanga majarida ya ndani ya ndege, kadi za usalama, na mifuko ya kichefuchefu. Pia wanasafisha jikoni na vyoo.","Wasafishaji wa ndege husafisha kabati za ndege na ndege zenyewe baada ya kutumika. Hutumia ombwe au kufagia ndani ya kabati, kuondoa uchafu kwenye viti, na kupanga mikanda ya usalama. Husafisha takataka na uchafu kutoka kwenye mifuko ya viti na kupanga majarida ya safarini, kadi za usalama, na mifuko ya kutapikia. Pia husafisha majiko na vyoo.",,"Mnakshi wa ndege
Msafishaji wa eropleni
Msafishaji wa eropleni
Msafishaji wa Ndege
Msafishaji wa kabati la ndege
Msafishaji wa ndege
Msafishaji wa ndege",,"Mtaalamu wa usafi wa ndege
msafishaji wa eropleni
msafishaji wa ndege
msafishaji wa kabati"
687671c1ebd2bf665349e6f2,http://data.europa.eu/esco/occupation/8ba8acb8-c0f2-4679-ae15-3a4f6e876c6f,plastic rolling machine operator,opereta wa mashine ya kukunja plastiki,Opereta wa Mashine ya Kuviringisha Plastiki,,"Plastic rolling machine operators operate and monitor machines to produce plastic rolls, or to flatten and reduce the material. They examine raw materials and finished products to make sure they are according to specifications.","Waendeshaji wa mashine ya kukunja plastiki huendesha na kufuatilia mashine za kuzalisha maroli ya plastiki, au kusawazisha na kupunguza nyenzo. Wanachunguza malighafi na bidhaa zilizokamilika ili kuhakikisha kuwa ziko kulingana na maelezo.","Opereta wa mashine za kuviringisha plastiki huendesha na kufuatilia mashine ili kuzalisha viringo vya plastiki, au kusawazisha na kupunguza ukubwa wa nyenzo. Hukagua malighafi na bidhaa zilizokamilika ili kuhakikisha zinafuata vipimo vilivyowekwa.",,"Opereta, mashine: kuchonga (plastiki)
Opereta, mashine: kukata (plastiki)
Opereta, mashine: kuchora kwa asidi (plastiki)
Opereta, mashine: kusaga (plastiki)
Opereta wa mashine ya kuchakata plastiki
Mfanyakazi wa mashine ya kuunda viringo vya plastiki
Opereta wa mashine ya kuunda viringo vya plastiki
Mrekebishaji wa mashine ya kuunda viringo vya plastiki
Mhudumu wa mashine ya kuunda viringo vya plastiki
Mfanyakazi wa mashine ya kuviringisha plastiki
Opereta wa Mashine ya Kuviringisha Plastiki
Mrekebishaji wa mashine ya kuviringisha plastiki
Mrekebishaji/Opereta wa mashine ya kuviringisha plastiki
Mhudumu wa mashine ya kuviringisha plastiki
Mfanyakazi wa mashine ya kuviringisha plastiki
Mfanyakazi wa mashine ya kuchakata plastiki",,"Opereta, mashine: kuchonga (plastiki)
Opereta, mashine: kukata (plastiki)
Opereta, mashine: kuchora kwa kemikali (plastiki)
Opereta, mashine: kusaga (plastiki)
opereta wa mashine ya kusindika plastiki
mhudumu wa mashine ya kutengeneza maroli ya plastiki
opereta wa mashine ya kutengeneza maroli ya plastiki
mwekaji wa mashine ya kutengeneza maroli ya plastiki
mwangalizi wa mashine ya kutengeneza maroli ya plastiki
mhudumu wa mashine ya kukunja plastiki
opereta wa mashine ya kukunja plastiki
mwekaji wa mashine ya kukunja plastiki
mwekaji/opereta wa mashine ya kukunja plastiki
mwangalizi wa mashine ya kukunja plastiki
mfanyakazi wa mashine ya kukunja plastiki
mhudumu wa mashine ya kusindika plastiki"
687671c1ebd2bf665349e7a7,http://data.europa.eu/esco/occupation/c44a118d-18c1-46ac-985f-3e802a064b73,control panel assembler,mfunganishaji wa paneli za udhibiti,Mwuunganishaji wa Paneli za Udhibiti,,"Control panel assemblers read schematic drawings to assemble control panel units for electrical equipment. They put together wiring, switches, control and measuring apparatus and cables with hand operated tools.","Wafunganishaji wa paneli za udhibiti husoma michoro ya skematiki ili kuunganisha uniti za paneli za udhibiti kwa ajili ya vifaa vya umeme. Wanaunganisha nyaya, swichi, vifaa vya kudhibiti na kupimia pamoja na nyaya kwa kutumia zana zinazoendeshwa kwa mkono.","Waunganishaji wa paneli za udhibiti husoma michoro ya skematiki ili kuunganisha vitengo vya paneli za udhibiti kwa ajili ya vifaa vya umeme. Huunganisha waya, swichi, vifaa vya kudhibiti na kupimia pamoja na nyaya kwa kutumia zana za mikono.",,"Mwuunganishaji wa paneli za udhibiti wa umeme
Mwuunganishaji wa paneli za ufuatiliaji
Fundi wa paneli za udhibiti wa umeme
Fundi wa uunganishaji wa paneli za udhibiti
Mtengenezaji wa paneli za udhibiti wa umeme
Mtengenezaji wa paneli za udhibiti
Mwuunganishaji wa paneli za udhibiti wa umeme
Fundi wa paneli za udhibiti
Mwuunganishaji wa uzalishaji wa paneli za udhibiti
Mfungaji waya wa paneli
Mwuunganishaji wa bodi za paneli
Mwuunganishaji wa paneli za udhibiti wa michakato
Mwuunganishaji wa Paneli za Udhibiti
Mtengenezaji wa paneli za udhibiti
Mwuunganishaji wa paneli za udhibiti",,"mfunganishaji wa paneli za udhibiti wa umeme
mfunganishaji wa paneli za ufuatiliaji
fundi wa paneli za udhibiti wa umeme
fundi ufunganishaji wa paneli za udhibiti
mtengenezaji wa paneli za udhibiti wa umeme
mtengenezaji wa paneli za udhibiti
fundi wa paneli za udhibiti
mfunganishaji wa uzalishaji wa paneli za udhibiti
mfungaji nyaya za paneli
mfunganishaji wa ubao wa paneli
mfunganishaji wa paneli za udhibiti wa mchakato
mfunganishaji wa paneli za udhibiti"
687671c1ebd2bf665349e545,http://data.europa.eu/esco/occupation/dc14bed4-87ca-4e6c-9f69-458e2689d2d6,foundry operative,mfanyakazi wa kiwanda cha kuyeyusha chuma,Mfanyakazi wa Kiwanda cha Uyeyushaji Metali,,"Foundry operative manufacture castings, including pipes, tubes, hollow profiles and other products of the first processing of steel, by operating hand-controlled equipment in a foundry. They conduct the flow of molten ferrous and non-ferrous metals into moulds, taking care to create the exact right circumstances to obtain the highest quality metal. They observe the flow of metal to identify faults. In case of a fault, they notify the authorised personnel and participate in the removal of the fault.","Wafanyakazi wa kiwanda cha kuyeyusha chuma hutengeneza bidhaa za chuma zilizomiminwa, ikiwa ni pamoja na mabomba, tyubu, wasifu wenye uwazi na bidhaa nyingine za usindikaji wa kwanza wa chuma, kwa kuendesha vifaa vinavyodhibitiwa kwa mkono katika kiwanda cha kuyeyusha chuma. Wanaongoza mtiririko wa metali za ferasi na zisizo za ferasi zilizoyeyushwa kwenye kalibu, wakizingatia kuweka mazingira sahihi kabisa ili kupata chuma cha ubora wa juu zaidi. Wanatazama mtiririko wa chuma ili kutambua hitilafu. Ikitokea hitilafu, hutoa taarifa kwa wafanyakazi walioidhinishwa na kushiriki katika kuondoa hitilafu hiyo.","Wafanyakazi wa viwanda vya uyeyushaji metali hutengeneza bidhaa za umiminaji, ikiwemo mabomba, neli, wasifu wenye uwazi na bidhaa nyingine za uchakataji wa kwanza wa chuma, kwa kuendesha vifaa vinavyodhibitiwa kwa mikono katika kiwanda cha uyeyushaji. Huelekeza mtiririko wa metali zenye na zisizo na chuma zilizoyeyushwa kwenye kalibu, wakihakikisha wanatengeneza mazingira sahihi kabisa ili kupata metali ya ubora wa juu zaidi. Huchunguza mtiririko wa metali ili kubaini kasoro. Ikitokea kasoro, huwajulisha wafanyakazi walioidhinishwa na kushiriki katika kuondoa kasoro hiyo.",,"Mfumaji wa metali
Opereta wa mchakato wa uyeyushaji metali
Mfanyakazi wa uyeyushaji metali
Mmimimaji wa metali
Mfumaji wa metali
Mfanyakazi wa umiminaji kwenye kalibu
Mhunzi wa uyeyushaji
Mfanyakazi wa umiminaji
Mshika upawa
Mmimaji na mchorongaji
Opereta wa uyeyushaji metali
Mfanyakazi wa ufumaji na umiminaji
Mfanyakazi wa Kiwanda cha Uyeyushaji Metali
Opereta wa umiminaji
Mfanyakazi wa umiminaji kwenye kalibu
Mmimaji
Mmimaji wa udhibiti mkuu
Mshika upawa
Mfanyakazi wa ufumaji na umiminaji",,"mfinyanzi wa chuma
mwendeshaji wa michakato ya kiwanda cha kuyeyusha chuma
mfanyakazi wa kiwanda cha kuyeyusha chuma
mmiminaji wa chuma
mfanyakazi wa kumimina kwenye kalibu
mfanyakazi wa kumimina chuma
mshika mwiko wa chuma
mmiminaji na msukaji wa chuma
mwendeshaji wa kiwanda cha kuyeyusha chuma
mfanyakazi wa kufinyanga na kumimina chuma
mwendeshaji wa shughuli za kumimina chuma
mmiminaji chuma
mmiminaji chuma wa udhibiti mkuu
mfanyakazi wa kufinyanga na kumimina chuma (m,f,n)"
687671c1ebd2bf665349e333,http://data.europa.eu/esco/occupation/cb60beab-7afb-4e99-8162-221abea68e6d,consumer rights advisor,mshauri wa haki za mlaji,Mshauri wa Haki za Mtumiaji,,"Consumer rights advisors aid consumers with complaints and provide advice and information on rights as a consumer after purchase of products or services. They monitor organisations to ensure compliance to consumer rights standards, and aid consumers in handling disputes.","Washauri wa haki za mlaji huwasaidia walaji wenye malalamiko na kutoa ushauri na taarifa kuhusu haki kama mlaji baada ya kununua bidhaa au huduma. Wanazifuatilia mashirika ili kuhakikisha uzingatiaji wa viwango vya haki za mlaji, na kuwasaidia walaji katika kushughulikia migogoro.","Washauri wa haki za watumiaji huwasaidia watumiaji wenye malalamiko na kutoa ushauri na taarifa kuhusu haki za mtumiaji baada ya kununua bidhaa au huduma. Wanafuatilia mashirika kuhakikisha yanafuata viwango vya haki za watumiaji, na kuwasaidia watumiaji katika kushughulikia mizozo.",,"Afisa wa viwango vya biashara
Mshauri wa huduma za kisheria
Mshauri wa haki za mtumiaji
Mshauri wa kisheria wa haki za mtumiaji
Mshauri wa huduma za kisheria
Mkaguzi wa usafi wa chakula
Mshauri wa Haki za Mtumiaji
Mshauri wa kisheria wa haki za mtumiaji",,"afisa viwango vya biashara
mshauri wa huduma za kisheria
mshauri wa haki za mlaji
mshauri wa kisheria wa haki za mlaji
mkaguzi wa usafi wa chakula"
687671c1ebd2bf665349e003,http://data.europa.eu/esco/occupation/d3e32e5e-7f24-48e3-b939-e4f800eb62fb,human resources officer,afisa wa rasilimali watu,Afisa Rasilimali Watu,,"Human resources officers develop and implement strategies that help their employers select and retain appropriately qualified staff within that business sector. They recruit staff, prepare job advertisements, interview and short-list people, negotiate with employment agencies, and set up working conditions. Human resources officers also administer the payroll, review salaries and advise on remuneration benefits and employment law. They arrange for training opportunities to enhance employees' performance.","Maafisa wa rasilimali watu huandaa na kutekeleza mikakati inayosaidia waajiri wao kuchagua na kubakiza wafanyakazi wenye sifa zinazostahili ndani ya sekta hiyo ya biashara. Wanaajiri wafanyakazi, kuandaa matangazo ya kazi, kuhoji na kuchuja watu, kujadiliana na mawakala wa ajira, na kuweka mazingira ya kazi. Maafisa wa rasilimali watu pia husimamia malipo, kupitia mishahara na kushauri kuhusu faida za malipo na sheria ya ajira. Wanapanga fursa za mafunzo ili kuboresha utendaji wa wafanyakazi.","Maafisa rasilimali watu hubuni na kutekeleza mikakati inayowasaidia waajiri wao kuchagua na kubakiza wafanyakazi wenye sifa zinazofaa ndani ya sekta hiyo ya biashara. Wanaajiri wafanyakazi, huandaa matangazo ya kazi, huwahoji na kuwachuja watu, hujadiliana na mashirika ya ajira, na kuweka mazingira ya kazi. Maafisa rasilimali watu pia husimamia malipo ya mishahara, hupitia upya mishahara na kushauri kuhusu manufaa ya malipo na sheria za ajira. Wanaandaa fursa za mafunzo ili kuboresha utendaji kazi wa wafanyakazi.",,"Mkurugenzi wa Rasilimali Watu
Afisa wa Rasilimali Watu
Mwakilishi wa Rasilimali Watu
Mwakilishi wa Rasilimali Watu
Msimamizi wa Rasilimali Watu
Mfanyakazi wa Rasilimali Watu
Mpangaji wa Mtaji wa Watu
Mkufunzi wa umahiri
Afisa wa rasilimali watu
Mkurugenzi wa rasilimali watu
Afisa Rasilimali Watu
Mwakilishi wa rasilimali watu
Mwakilishi wa rasilimali watu
Msimamizi wa rasilimali watu
Mfanyakazi wa rasilimali watu
Kocha wa mafunzo endelevu
Mtawala wa wafanyakazi
Msaidizi wa wafanyakazi
Mtaalamu wa maendeleo ya wafanyakazi
Mkurugenzi wa wafanyakazi
Mtaalamu wa wafanyakazi
Meneja wa wafanyakazi
Afisa wa wafanyakazi
Msajili wa wafanyakazi
Mwakilishi wa wafanyakazi
Mwakilishi wa wafanyakazi
Msimamizi wa wafanyakazi
Mfanyakazi wa wafanyakazi
Mkufunzi wa ujuzi",,"mkurugenzi wa HR
afisa wa HR
mwakilishi wa HR
msimamizi wa HR
mfanyakazi wa HR
mpangaji wa mtaji wa binadamu
mkufunzi wa umahiri
afisa wa rasilimali watu
mkurugenzi wa rasilimali watu
mwakilishi wa rasilimali watu
msimamizi wa rasilimali watu
mfanyakazi wa rasilimali watu
kocha wa elimu ya maisha yote
msimamizi wa wafanyakazi
msaidizi wa wafanyakazi
mtaalamu wa maendeleo ya wafanyakazi
mkurugenzi wa wafanyakazi
mtaalamu wa wafanyakazi
meneja wa wafanyakazi
afisa wa wafanyakazi
mtafuta wafanyakazi
mwakilishi wa wafanyakazi
mfanyakazi wa wafanyakazi
mkufunzi wa ujuzi"
687671c1ebd2bf665349e39d,http://data.europa.eu/esco/occupation/50b41847-6dad-4a2e-9427-a0374c2963fd,stage machinist,fundi mitambo wa jukwaa,Fundi Mitambo wa Jukwaa,,"Stage machinists manipulate sets and other elements in a performance based on the artistic or creative concept, in interaction with the performers. Their work is influenced by and influences the results of other operators. Therefore, the stage machinists work closely together with the designers, operators and performers. Stage machinists prepare and perform the setup, execute changeovers and operate manual fly bar systems. Their work is based on plans, instructions and calculations.","Mafundi mitambo wa jukwaa huendesha seti na vipengele vingine katika onyesho kulingana na dhana ya kisanii au ubunifu, kwa kushirikiana na waigizaji. Kazi yao huathiriwa na na huathiri matokeo ya waendeshaji wengine. Kwa hivyo, mafundi mitambo wa jukwaa hufanya kazi kwa karibu na wabunifu, waendeshaji na waigizaji. Mafundi mitambo wa jukwaa huandaa na kufanya usanidi, kutekeleza mabadiliko na kuendesha mifumo ya mikono ya baa za kuruka. Kazi yao inategemea mipango, maelekezo na mahesabu.","Mafundi mitambo wa jukwaa hudhibiti seti na vifaa vingine katika onyesho kulingana na dhana ya kisanii au ubunifu, wakishirikiana na waigizaji. Kazi yao huathiriwa na pia huathiri matokeo ya waendeshaji wengine. Kwa hivyo, mafundi mitambo wa jukwaa hufanya kazi kwa karibu na wabunifu, waendeshaji na waigizaji. Mafundi mitambo wa jukwaa huandaa na kufanya usanidi, kutekeleza mabadiliko na kuendesha mifumo ya pau za kurushia za mikono. Kazi yao inategemea mipango, maelekezo na mahesabu.",,"Fundi wa mfumo wa kurusha vitu
Fundi Mitambo wa Jukwaa
Fundi wa jukwaa na taa
Fundi mitambo wa thetari
Msimamizi wa mitambo ya seti
Opereta wa mfumo wa kurusha vitu
Fundi mitambo wa thetari
Fundi wa jukwaa na taa
Fundi mitambo wa thetari
Fundi mitambo wa thetari
Fundi mitambo wa jukwaa
Mhamishaji mandhari
Fundi wa taa na jukwaa
Opereta wa kurusha vitu
Fundi wa seti
Fundi wa taa na jukwaa
Mwendeshaji wa kamba za jukwaa
Fundi mkuu wa jukwaa",,"fundi wa mfumo wa kuruka
fundi mitambo wa jukwaa
fundi wa jukwaa na mwanga
fundi mitambo wa ukumbi
msimamizi wa ufundi wa seti
mwendeshaji wa mfumo wa kuruka
fundi mitambo wa ukumbi wa michezo
mhamisha mandhari
fundi wa mwanga na jukwaa
mwendeshaji wa kuruka
fundi wa seti
mwendeshaji wa kamba za jukwaa
mkuu wa mafundi wa jukwaa"
687671c1ebd2bf665349e5fa,http://data.europa.eu/esco/occupation/7f35043b-ebb5-40bf-9974-46a29915f6bf,book-sewing machine operator,opereta wa mashine ya kushona vitabu,Opereta wa Mashine ya Kushonea Vitabu,,Book-sewing machine operators tend a machine that stitches paper together to form a volume. They check that signatures are inserted the right way and the machine does not jam.,Waendeshaji wa mashine ya kushona vitabu huhudumia mashine inayoshona karatasi pamoja ili kuunda kitabu. Wanakagua kuwa saini zimeingizwa kwa njia sahihi na mashine haikwami.,Waendeshaji wa mashine ya kushonea vitabu huhudumia mashine inayoshona karatasi pamoja kuunda kitabu. Wanakagua kuwa makunjo ya karatasi yameingizwa ipasavyo na kwamba mashine haikwami.,,"Mshonaji, ujalidi wa vitabu
Opereta wa Mashine ya Kushonea Vitabu
Mtaalamu wa mashine ya kushonea vitabu
Fundi wa mashine ya kushonea vitabu
Mhudumu wa mashine ya kushonea vitabu
Mshonaji karatasi
Opereta wa mashine ya kushona karatasi
Mtaalamu wa mashine ya kushona karatasi
Fundi wa mashine ya kushona karatasi
Opereta wa mashine ya kushona
Opereta wa mashine ya kushonea vitabu kwa uzi
Mtaalamu wa mashine ya kushonea vitabu kwa uzi
Fundi wa mashine ya kushonea vitabu kwa uzi
Opereta wa mashine ya kushonea vitabu kwa uzi
Mhudumu wa mashine ya kushonea vitabu kwa uzi",,"Mshonaji, ujalada wa vitabu
opereta wa mashine ya kushona vitabu
mtaalamu wa mashine ya kushona vitabu
fundi wa mashine ya kushona vitabu
mhudumu wa mashine ya kushona vitabu
mshonaji karatasi
opereta wa mashine ya kushona karatasi
mtaalamu wa mashine ya kushona karatasi
fundi wa mashine ya kushona karatasi
opereta wa mashine ya kushona
opereta wa mashine ya kushona vitabu kwa uzi
mtaalamu wa mashine ya kushona vitabu kwa uzi
fundi wa mashine ya kushona vitabu kwa uzi
mhudumu wa mashine ya kushona vitabu kwa uzi"
687671c1ebd2bf665349e0ff,http://data.europa.eu/esco/occupation/ec2c0655-5ba0-4cc8-860a-977f73b37f34,subtitler,mtaalamu wa manukuu,Mwandishi wa Manukuu,,"Subtitlers can work intralingually, within the same language, or interlingually, across languages. Intralingual subtitlers create the subtitles for hearing-impaired viewers, whereas interlingual subtitlers create the subtitles for movies or television programmes in a different language to the one heard in the audiovisual production. They both ensure that the captions and subtitles are synchronised with the sound, images and dialogue of the audiovisual work.","Wataalamu wa manukuu wanaweza kufanya kazi ndani ya lugha moja, au kati ya lugha tofauti. Wataalamu wa manukuu ya lugha moja huunda manukuu kwa ajili ya watazamaji wenye ulemavu wa kusikia, ilhali wataalamu wa manukuu ya lugha tofauti huunda manukuu ya filamu au vipindi vya televisheni katika lugha tofauti na ile inayosikika katika uzalishaji wa sauti na picha. Wote wawili huhakikisha kuwa manukuu yanasawazishwa na sauti, picha na mazungumzo ya kazi ya sauti na picha.","Waandishi wa manukuu wanaweza kufanya kazi ndani ya lugha moja, au kati ya lugha tofauti. Waandishi wa manukuu wa lugha moja huandaa manukuu kwa ajili ya watazamaji wenye ulemavu wa kusikia, ilhali waandishi wa manukuu wa lugha tofauti huandaa manukuu ya filamu au vipindi vya televisheni katika lugha tofauti na ile inayosikika katika kazi hiyo ya sauti na picha. Wote huhakikisha kuwa maelezo na manukuu yanaenda sambamba na sauti, picha na mazungumzo ya kazi hiyo ya sauti na picha.",,"Mhariri wa manukuu fichwa
Mwandishi wa manukuu na manukuu ya jukwaani
Mwandishi wa maelezo
Mwandishi wa Manukuu
Mtoa huduma wa CART
Waandishi wa manukuu
Mwandishi wa manukuu ya moja kwa moja
Mrekebishaji wa manukuu
Mhariri wa maelezo
Mwandishi/Mrekebishaji wa manukuu
Mwandishi wa manukuu ya video
Mwandishi wa maelezo
Mwandishi wa manukuu ya filamu
Mrekebishaji wa manukuu
Mwandishi/Mrekebishaji wa manukuu",,"mhariri wa manukuu yaliyofungwa
mtaalamu wa manukuu na surtitler
mtoa manukuu
mtaalamu wa manukuu
mtoa huduma wa CART
wataalamu wa manukuu
mtaalamu wa manukuu ya moja kwa moja
mrekebishaji wa manukuu
mhariri wa manukuu
mtaalamu wa manukuu/mrekebishaji
mtaalamu wa manukuu ya video
mwandishi wa manukuu
mtaalamu wa manukuu ya filamu"
687671c0ebd2bf665349dcb4,http://data.europa.eu/esco/occupation/4f49df98-98b8-4a9e-98ad-9c5557817eba,strategic planning manager,meneja wa mipango mkakati,Meneja wa Mipango Mkakati,,"Strategic planning managers create, together with a team of managers, the strategic plans of the company as a whole, and provide coordination in the implementation per department. They help to interpret the overall plan and create a detailed plan for each one of the departments and branches. They ensure consistency in the implementation.","Meneja wa mipango mkakati huunda, pamoja na timu ya mameneja, mipango mkakati ya kampuni kwa ujumla, na kutoa uratibu katika utekelezaji kwa kila idara. Wanasaidia kutafsiri mpango mkuu na kuunda mpango wa kina kwa kila moja ya idara na matawi. Wanahakikisha uthabiti katika utekelezaji.","Meneja wa mipango mkakati huunda, pamoja na timu ya wasimamizi, mipango mkakati ya kampuni kwa ujumla, na huratibu utekelezaji kwa kila idara. Wao husaidia kutafsiri mpango mkuu na kuunda mpango wa kina kwa kila idara na tawi. Wanahakikisha uwiano katika utekelezaji.",,"Meneja wa Mkakati na Usimamizi wa Mabadiliko
Meneja, Mipango na Maendeleo
Mkurugenzi wa mipango ya mwendelezo wa biashara
Mkurugenzi wa mkakati wa mwendelezo wa biashara
Mtaalamu wa mikakati ya shirika
Mtaalamu wa ubunifu na mkakati
Meneja wa mipango
Meneja wa mipango mkakati ya biashara
Meneja wa maendeleo ya kimkakati
Meneja wa mikakati
Meneja wa Mipango Mkakati
Mshauri wa mkakati
Meneja wa mkakati",,"Meneja wa Mkakati na Usimamizi wa Mabadiliko
Meneja, Mipango na Maendeleo
mkurugenzi wa mipango ya uendelevu wa biashara
mkurugenzi wa mkakati wa uendelevu wa biashara
mwanamkakati wa shirika
mtaalamu wa uvumbuzi na mkakati
meneja wa mipango
meneja wa mipango mkakati ya biashara
meneja wa maendeleo ya kimkakati
meneja mkakati
meneja wa mipango mkakati
mshauri wa mkakati
meneja wa mkakati"
687671c1ebd2bf665349defb,http://data.europa.eu/esco/occupation/9b889f07-c39c-464d-b9d9-b2daa650f9ac,specialised doctor,daktari bingwa,Daktari Bingwa,,"Specialised doctors prevent, diagnose and treat diseases depending on their medical or surgical specialty.","Madaktari bingwa huzuia, hupima na kutibu magonjwa kulingana na utaalamu wao wa matibabu au upasuaji.","Madaktari bingwa huzuia, hugundua na kutibu magonjwa kulingana na utaalamu wao wa kitabibu au upasuaji.",,"Daktari Bingwa wa Magonjwa ya Moyo
Daktari Mpansuaji wa Moyo na Kifua
Afisa Tabibu Mtaalamu, Magonjwa ya Figo
Afisa Tabibu Mtaalamu wa Afya ya Watoto
Afisa Tabibu Mtaalamu, Nusu Kaputi
Afisa Tabibu Mtaalamu, Magonjwa ya Moyo
Afisa Tabibu Mtaalamu, Magonjwa ya Kifua
Afisa Tabibu Mtaalamu, Magonjwa ya Ngozi na Zinaa
Afisa Tabibu Mtaalamu, Upasuaji wa Masikio, Pua, Kichwa na Shingo
Afisa Tabibu Mtaalamu, Saratani na Huduma za Faraja
Afisa Tabibu Mtaalamu, Magonjwa ya Macho
Afisa Tabibu Mtaalamu, Mifupa na Majeraha
Daktari Bingwa wa Magonjwa ya Ngozi
Daktari Bingwa wa Masikio, Pua na Koo
Daktari Bingwa wa Mfumo wa Homoni
Daktari Bingwa wa Mfumo wa Mmeng'enyo wa Chakula
Daktari Bingwa wa Magonjwa ya Wanawake
Daktari Bingwa wa Magonjwa ya Kuambukiza
Daktari Bingwa wa Magonjwa ya Figo
Daktari Bingwa wa Uzazi
Daktari wa Afya Kazini
Daktari Bingwa wa Saratani
Daktari Bingwa wa Magonjwa ya Macho
Daktari Mpansuaji wa Mifupa
Daktari Bingwa wa Magonjwa ya Akili
Daktari wa Afya ya Umma
Daktari Bingwa wa Magonjwa ya Mapafu
Daktari Bingwa wa Magonjwa ya Viungo
Daktari Bingwa (Tiba ya Ndani)
Daktari Mpansuaji
Daktari Bingwa wa Mfumo wa Mkojo
Daktari Bingwa
Daktari Bingwa",,"Bingwa wa Moyo
Mpasuaji wa Moyo na Kifua
Ofisa wa Kliniki Bingwa, Nefrolojia
Ofisa wa Kliniki Bingwa wa Paediatrics na Afya ya Mtoto
Ofisa wa Kliniki Bingwa, Anesthesia
Ofisa wa Kliniki Bingwa, Kadiolojia
Ofisa wa Kliniki Bingwa, Tiba ya Kifua
Ofisa wa Kliniki Bingwa, Dermato-venereology
Ofisa wa Kliniki Bingwa, Upasuaji wa Masikio, Pua, Kichwa na Shingo
Ofisa wa Kliniki Bingwa, Onkolojia na Huduma ya Palliative
Ofisa wa Kliniki Bingwa, Ofthalmolojia
Ofisa wa Kliniki Bingwa, Orthopaedics na Trauma
Bingwa wa Ngozi
Bingwa wa ENT
Bingwa wa Endokrini
Bingwa wa Gastroenterolojia
Bingwa wa Magonjwa ya Wanawake
Bingwa wa magonjwa ya kuambukiza
Bingwa wa Figo
Bingwa wa Uzazi
Tabibu wa Kazini
Bingwa wa Saratani
Bingwa wa Macho
Mpasuaji wa Mifupa
Daktari wa Akili
Tabibu wa Afya ya Jamii
Bingwa wa Mapafu
Bingwa wa Rumatizimu
Tabibu Bingwa (Tiba ya Ndani)
Mpasuaji
Bingwa wa Mfumo wa Mkojo
daktari bingwa
daktari aliyebobea"
687671c1ebd2bf665349e78b,http://data.europa.eu/esco/occupation/ac401ec0-7ce0-423f-b8b5-167da9e046a7,fibre machine tender,msimamizi wa mashine ya nyuzi,Mhudumu wa Mashine ya Nyuzi,,Fibre machine tenders operate and maintain extrusion machines that form sliver from filaments. They work with synthetic materials such as fiberglass or liquid polymer or non-synthetic materials such as rayon.,Wasimamizi wa mashine ya nyuzi huendesha na kudumisha mashine za kutoa ambazo hutengeneza kamba kutoka kwa nyuzi ndogo. Wanafanya kazi na vifaa vya sanisi kama vile kioo cha nyuzi au polima ya majimaji au vifaa visivyo vya sanisi kama vile rayoni.,Wahudumu wa mashine za nyuzi huendesha na kudumisha mashine za kutoa ambazo huunda uzi mrefu kutoka kwenye nyuzi ndogo. Wanafanya kazi na vifaa vya kutengenezwa kama vile nyuzi za kioo au polima ya kimiminika au vifaa visivyo vya kutengenezwa kama vile reoni.,,"Mfunguaji, nyuzi: nguo
Mrekebishaji wa mashine ya kutoa na kuunda
Mrekebishaji wa mashine ya kutoa
Mwendeshaji wa mashine ya kutoa nyuzi
Mfanyakazi wa mashine ya nyuzi
Mhudumu wa mashine ya nyuzi
Mfanyakazi wa mashine ya nyuzi
Mwendeshaji wa mashine ya nyuzi
Mhudumu wa Mashine ya Nyuzi
Mrekebishaji wa mashine ya kuunda
Mwendeshaji wa mashine ya nyuzi za kioo
Mhudumu wa mashine ya nyuzi fupi
Mhudumu wa mashine ya nyuzi fupi",,"Mfunguaji, nyuzi: nguo
mpangaji wa mashine ya kutoa na kutengeneza
mpangaji wa mashine ya kutoa
opereta wa mashine ya kutoa nyuzi
mtendaji wa mashine ya nyuzi
msimamizi wa mashine ya nyuzi
opereta wa mashine ya nyuzi
mpangaji wa mashine ya kutengeneza
opereta wa mashine ya nyuzi za kioo
msimamizi wa mashine ya nyuzi fupi"
687671c1ebd2bf665349e35e,http://data.europa.eu/esco/occupation/11695786-9fb7-4895-b161-0480419107e4,sports instructor,mkufunzi wa michezo,Mkufunzi wa Michezo,,"Sports instructors introduce people to a sport and teach them the skills required for the performance of sport. They have a strong grip on one or more sports, which are often adventure sports, and know how to motivate others and share with them the enjoyment of the activity.","Wakufunzi wa michezo huwatambulisha watu kwenye mchezo na kuwafundisha ujuzi unaohitajika kwa ajili ya utendaji wa mchezo. Wana ujuzi thabiti wa mchezo mmoja au zaidi, ambayo mara nyingi ni michezo ya matukio, na wanajua jinsi ya kuwahamasisha wengine na kushiriki nao furaha ya shughuli hiyo.","Wakufunzi wa michezo huwatambulisha watu kwenye mchezo na kuwafundisha stadi zinazohitajika kwa utendaji wa mchezo huo. Wana umilisi mkubwa wa mchezo mmoja au zaidi, ambayo mara nyingi huwa ni michezo ya kusisimua, na wanajua jinsi ya kuhamasisha wengine na kushiriki nao furaha ya shughuli hiyo.",,"Mkufunzi wa tenisi
Mkufunzi wa Michezo
Mkufunzi wa polo
Mwalimu wa skii
Mkufunzi wa kuogelea
Mwalimu wa kuogelea
Mkufunzi wa ubao wa theluji
Mkufunzi wa skii ya majini
Mkufunzi wa kuteleza kwa kishada
Mkufunzi wa kuteleza kwa upepo
Mwalimu wa gimnastiki
Mkufunzi wa skii
Mkufunzi wa michezo ya majini
Mwalimu wa tenisi
Mkufunzi wa kuteleza mawimbini
Mkufunzi wa ubao wa majini
Mkufunzi wa kuogelea
Mkufunzi wa mazoezi ya viungo
Mkufunzi wa hoki
Mkufunzi wa kayaki",,"mkufunzi wa tenisi
mkufunzi wa michezo
mkufunzi wa polo
mwalimu wa kuteleza kwenye theluji
mkufunzi wa kuogelea
mwalimu wa kuogelea
mkufunzi wa ubao wa theluji
mkufunzi wa kuteleza kwenye maji
mkufunzi wa kuteleza kwa kiti
mkufunzi wa kuteleza kwa upepo
mwalimu wa mazoezi ya viungo
mkufunzi wa kuteleza kwenye theluji
mkufunzi wa michezo ya majini
mwalimu wa tenisi
mkufunzi wa kuteleza kwenye mawimbi
mkufunzi wa kuteleza kwenye maji kwa ubao
mkufunzi wa mazoezi ya viungo
mkufunzi wa hoki
mkufunzi wa kayak"
687671c1ebd2bf665349e1d0,http://data.europa.eu/esco/occupation/5baffa9d-1607-4665-be94-662bad26b9ff,distillery supervisor,msimamizi wa kiwanda cha kutengeneza pombe kali,Msimamizi wa Kiwanda cha Vinywaji Vikali,,Distillery supervisors coordinate the production processes comprised in the production of spirits and manage the workers engaged in the process. They verify distilled liquors being produced at specified amounts and proofs.,Wasimamizi wa kiwanda cha kutengeneza pombe kali huratibu michakato ya uzalishaji inayojumuisha uzalishaji wa vinywaji vikali na kusimamia wafanyakazi wanaohusika katika mchakato huo. Wanahakiki vinywaji vikali vilivyochujwa vinavyozalishwa kwa kiasi na viwango maalum vya kileo.,Wasimamizi wa viwanda vya vinywaji vikali huratibu michakato ya uzalishaji inayohusika katika utengenezaji wa vileo na kusimamia wafanyakazi wanaohusika katika mchakato huo. Wao huhakiki vinywaji vikali vilivyokenekwa vinazalishwa kwa viwango na kiasi cha kileo vilivyobainishwa.,,"Msimamizi wa Kiwanda cha Vinywaji Vikali
Msimamizi wa Ukenekaji
Meneja wa Kiwanda cha Vinywaji Vikali",,"msimamizi wa kiwanda cha kutengeneza pombe kali
msimamizi wa utengenezaji wa pombe kali
meneja wa kiwanda cha kutengeneza pombe kali"
687671c1ebd2bf665349e0fe,http://data.europa.eu/esco/occupation/da4589ce-7534-4cc1-9ce4-cabf9364b87c,localiser,mtaalamu wa ujanibishaji,Mjanibishaji,,"Localisers translate and adapt texts to the language and culture of a specific target audience. They convert standard translation into locally understandable texts with flairs of the culture, sayings, and other nuances that make the translation richer and more meaningful for a cultural target group than it was before.","Wataalamu wa ujanibishaji hutafsiri na kurekebisha maandishi kulingana na lugha na utamaduni wa walengwa mahususi. Wanabadilisha tafsiri ya kawaida kuwa maandishi yanayoeleweka ndani ya eneo husika yenye vionjo vya utamaduni, misemo, na maana nyingine fiche zinazofanya tafsiri kuwa tajiri zaidi na yenye maana zaidi kwa kikundi cha kitamaduni kilichokusudiwa kuliko ilivyokuwa hapo awali.","Wajanibishaji hutafsiri na kuhuisha matini kulingana na lugha na utamaduni wa hadhira lengwa mahususi. Wao hubadilisha tafsiri ya kawaida kuwa matini zinazoeleweka kimazingira zikiwa na ladha za utamaduni, misemo, na nuances nyingine zinazofanya tafsiri kuwa tajiri na yenye maana zaidi kwa kundi lengwa la kitamaduni kuliko ilivyokuwa awali.",,"Mjaribu wa michezo ya ujanibishaji
Mjaribu wa uhakiki ubora wa ujanibishaji
Meneja mradi wa ujanibishaji
Mjaribu wa uhakiki ubora wa ujanibishaji
Mtafsiri wa ujanibishaji
Mjaribu wa ujanibishaji
Mjanibishaji
Mjanibishaji",,"mjaribu wa michezo ya ujanibishaji
mjaribu wa QA wa ujanibishaji
meneja wa mradi wa ujanibishaji
mjaribu wa uhakiki wa ubora wa ujanibishaji
mtafsiri wa ujanibishaji
mjaribu wa ujanibishaji
mjanibishaji
mtaalamu wa ujanibishaji"
687671c1ebd2bf665349df08,http://data.europa.eu/esco/occupation/0b2d3242-22a3-4de5-bd29-efd39cdf2c31,animal therapist,mtaalamu wa tiba ya wanyama,Mtaalamu wa tiba ya wanyama,,Animal therapists provide a therapeutic treatment following veterinary diagnosis or referral.,Wataalamu wa tiba ya wanyama hutoa matibabu ya kibaolojia kufuatia utambuzi wa daktari wa mifugo au rufaa.,Wataalamu wa tiba ya wanyama hutoa matibabu ya kitiba kufuatia utambuzi au rufaa ya daktari wa mifugo.,,"Mtaalamu wa tiba ya urekebishaji wa wanyama
Mtaalamu wa tiba ya wanyama
Mtaalamu wa tiba ya urekebishaji wa wanyama
Wataalamu wa tiba ya wanyama
Mtaalamu wa tiba ya uponyaji wa wanyama",,"mtaalamu wa tiba ya ukarabati wa wanyama
mtaalamu wa tiba ya wanyama
mtaalamu wa ukarabati wa wanyama
wataalamu wa tiba ya wanyama
mtaalamu wa tiba ya kupona kwa wanyama"
687671c1ebd2bf665349dffd,http://data.europa.eu/esco/occupation/61053604-8091-4a8e-9c63-5151051722e3,healthcare consultant,mshauri wa huduma za afya,Mshauri wa huduma za afya,,"Healthcare consultants advise health care organisations on the development of plans to improve patient care and safety. They analyse health care policies and identify issues, and aid in the development of improvement strategies.","Washauri wa huduma za afya hushauri mashirika ya huduma za afya kuhusu uandaaji wa mipango ya kuboresha huduma na usalama wa wagonjwa. Wanachambua sera za huduma za afya na kutambua masuala, na kusaidia katika uandaaji wa mikakati ya uboreshaji.","Washauri wa huduma za afya hushauri mashirika ya huduma za afya kuhusu uundaji wa mipango ya kuboresha utunzaji na usalama wa wagonjwa. Wao huchanganua sera za huduma za afya na kubainisha masuala, na kusaidia katika uundaji wa mikakati ya uboreshaji.",,"Mshauri wa usimamizi wa huduma za afya
Mshauri wa afya
Mshauri wa usimamizi wa huduma za afya
Mshauri wa usimamizi
Mshauri wa huduma za afya za wastaafu
Mshauri wa huduma za afya",,"mshauri wa usimamizi wa huduma za afya
mshauri wa afya
mshauri wa usimamizi
mshauri wa huduma za afya ya kustaafu
mshauri wa huduma za afya"
687671c1ebd2bf665349e1df,http://data.europa.eu/esco/occupation/18fbb1f8-eceb-4bf4-8fc7-932b8f6130cd,paperhanger supervisor,msimamizi wa ubandikaji wa karatasi za ukutani,Msimamizi wa wabandikaji karatasi za ukutani,,Paperhanger supervisors monitor the hanging of wallpaper. They assign tasks and take quick decisions to resolve problems.,Wasimamizi wa ubandikaji wa karatasi za ukutani hufuatilia ubandikaji wa karatasi za ukutani. Wanagawa kazi na kufanya maamuzi ya haraka ili kutatua matatizo.,Wasimamizi wa wabandikaji karatasi za ukutani husimamia ubandikaji wa karatasi za ukutani. Wao hugawa majukumu na kufanya maamuzi ya haraka kutatua matatizo.,,"Msimamizi wa wabandikaji karatasi za ukutani
Msimamizi wa wabandikaji karatasi
Msimamizi wa wapambaji wa karatasi za ukutani
Msimamizi wa wapambaji
Msimamizi wa mpambaji, mbandikaji karatasi
Msimamizi wa mpambaji wa kubandika karatasi
Msimamizi wa wabandikaji karatasi za ukutani
Msimamizi wa wabandikaji karatasi za ukutani",,"msimamizi wa mbandikaji wa karatasi za ukutani
msimamizi wa mbandikaji wa karatasi
msimamizi wa mpambaji wa karatasi za ukutani
msimamizi wa mpambaji
msimamizi wa mpambaji, mbandikaji wa karatasi
msimamizi wa mpambaji mbandikaji wa karatasi
msimamizi wa ubandikaji wa karatasi za ukutani"
687671c0ebd2bf665349de1f,http://data.europa.eu/esco/occupation/10291962-c0c7-4e5b-a7ed-0762b4d9b010,pharmacologist,mwanafamajia,Mfarmakolojia,,"Pharmacologists study the manner in which drugs and medicaments interact with organisms, living systems, and their parts (i.e. cells, tissues, or organs). Their research aims at identifying substances that can be ingested by humans and that exert adequate biochemical functions for curing illnesses.","Wanafamajia huchunguza namna ambavyo dawa na matibabu huingiliana na viumbe, mifumo hai, na sehemu zake (yaani seli, tishu, au viungo). Utafiti wao unalenga kutambua dutu zinazoweza kumezwa na binadamu na ambazo hufanya kazi za kibiokemia zinazofaa kwa ajili ya kutibu magonjwa.","Wafarmakolojia huchunguza jinsi dawa na medikamenti zinavyoingiliana na viumbe, mifumo hai, na sehemu zake (yaani, seli, tishu, au ogani). Utafiti wao unalenga kubainisha dutu zinazoweza kumezwa na binadamu na ambazo zinafanya kazi za biokemikali za kutosha kwa ajili ya kuponya magonjwa.",,"Mfarmakoepidemiolojia
Mfarmakolojia
Wafarmakolojia
Mchanganuzi wa farmakolojia
Mchanganuzi wa utafiti wa farmakolojia
Mwanasayansi wa utafiti wa farmakolojia
Mtafiti wa farmakolojia
Mtaalamu wa farmakolojia
Mtafiti wa sayansi ya farmakolojia
Mwanasayansi wa farmakolojia
Mchanganuzi wa masomo ya farmakolojia
Mchanganuzi wa utafiti wa masomo ya farmakolojia
Mwanasayansi wa utafiti wa masomo ya farmakolojia
Mtafiti wa masomo ya farmakolojia
Mtaalamu wa masomo ya farmakolojia
Mwanasayansi wa masomo ya farmakolojia",,"Mwanafamakoepidemiojia
mwanafamajia
wanafamajia
mchambuzi wa famajia
mchambuzi mtafiti wa famajia
mwanasayansi mtafiti wa famajia
mtafiti wa famajia
msomi wa famajia
mtafiti wa sayansi ya famajia
mwanasayansi wa famajia
mchambuzi wa masomo ya famajia
mchambuzi mtafiti wa masomo ya famajia
mwanasayansi mtafiti wa masomo ya famajia
mtafiti wa masomo ya famajia
msomi wa masomo ya famajia
mwanasayansi wa masomo ya famajia"
687671c0ebd2bf665349ddf8,http://data.europa.eu/esco/occupation/92efb42f-6b0a-44d8-94ea-0141555e6c3b,environmental geologist,mwanajiolojia wa mazingira,Mwanajiolojia wa Mazingira,,Environmental geologists study how mineral operations may impact the composition and physical characteristics of the earth and its resources. They provide advice on issues such as land reclamation and environmental pollution.,Wanajiolojia wa mazingira huchunguza jinsi shughuli za madini zinavyoweza kuathiri muundo na sifa za kifizikia za dunia na maliasili zake. Wanatoa ushauri kuhusu masuala kama vile urejeshaji wa ardhi na uchafuzi wa mazingira.,Wanajiolojia wa mazingira huchunguza jinsi shughuli za madini zinavyoweza kuathiri muundo na sifa za kimaumbile za dunia na rasilimali zake. Hutoa ushauri kuhusu masuala kama vile urejeshaji wa ardhi na uchafuzi wa mazingira.,,"mshauri wa mazingira
mhandisi wa jiolojia
msomi wa masomo ya jiolojia ya mazingira
mwanasayansi mtafiti wa masomo ya jiolojia ya mazingira
mchambuzi wa mineralojia
mwanajiolojia wa mazingira
mchambuzi mtafiti wa masomo ya jiolojia ya mazingira
msomi wa jiolojia ya mazingira
mwanajiolojia wa mazingira
mwanasayansi wa jiolojia ya mazingira
mtafiti wa masomo ya jiolojia ya mazingira
mshauri wa jiolojia ya mazingira
mwanamazingira
mchambuzi wa madini
mwanasayansi mtafiti wa jiolojia ya mazingira
mchambuzi wa jiolojia ya mazingira
mtafiti wa jiolojia ya mazingira
mtafiti wa sayansi ya jiolojia ya mazingira
mchambuzi mtafiti wa jiolojia ya mazingira
mchambuzi wa masomo ya jiolojia ya mazingira
mwanamineralojia wa mazingira
mwanasayansi wa masomo ya jiolojia ya mazingira",,"mshauri wa mazingira
mhandisi wa kijiolojia
msomi wa masomo ya jiolojia ya mazingira
mwanasayansi mtafiti wa masomo ya jiolojia ya mazingira
mchambuzi wa madini
mwanajiolojia wa mazingira
mchambuzi mtafiti wa masomo ya jiolojia ya mazingira
msomi wa jiolojia ya mazingira
mwanasayansi wa jiolojia ya mazingira
mtafiti wa masomo ya jiolojia ya mazingira
mshauri wa kijiolojia wa jiolojia ya mazingira
mtaalamu wa mazingira
mwanasayansi mtafiti wa jiolojia ya mazingira
mchambuzi wa jiolojia ya mazingira
mtafiti wa jiolojia ya mazingira
mtafiti wa sayansi ya jiolojia ya mazingira
mchambuzi mtafiti wa jiolojia ya mazingira
mchambuzi wa masomo ya jiolojia ya mazingira
mtaalamu wa madini ya mazingira
mwanasayansi wa masomo ya jiolojia ya mazingira"
687671c1ebd2bf665349e2af,http://data.europa.eu/esco/occupation/f3da16bd-157d-4a48-8a49-33809a8b5d96,wholesale merchant in flowers and plants,mfanyabiashara wa jumla wa maua na mimea,Mfanyabiashara wa Jumla wa Maua na Mimea,,Wholesale merchants in flowers and plants investigate potential wholesale buyers and suppliers and match their needs. They conclude trades involving large quantities of goods.,Wafanyabiashara wa jumla wa maua na mimea huchunguza wanunuzi na wasambazaji wa jumla watarajiwa na kulinganisha mahitaji yao. Wanahitimisha biashara zinazohusisha kiasi kikubwa cha bidhaa.,Wafanyabiashara wa jumla wa maua na mimea huchunguza wanunuzi na wasambazaji watarajiwa wa jumla na kulinganisha mahitaji yao. Huhitimisha biashara zinazohusisha idadi kubwa ya bidhaa.,,"mfanyabiashara wa jumla wa maua na mimea
muuzaji wa jumla wa maua na mimea
mshauri wa mauzo ya biashara kwa biashara wa maua na mimea
muuzaji wa biashara kwa biashara wa maua na mimea
mshauri wa mauzo ya B2B wa maua na mimea
mfanyabiashara wa jumla wa maua na mimea
muuzaji wa jumla wa maua na mimea
mfanyabiashara wa jumla mhitimu wa maua na mimea
mfanyabiashara msaidizi wa jumla wa maua na mimea
mfanyabiashara mwanafunzi wa jumla wa maua na mimea
mnunuzi wa jumla wa maua na mimea
mfanyabiashara mkuu wa jumla wa maua na mimea",,"mfanyabiashara wa jumla wa maua na mimea
mchuuzi wa jumla wa maua na mimea
mshauri wa mauzo ya biashara kwa biashara katika maua na mimea
muuzaji wa biashara kwa biashara katika maua na mimea
mshauri wa mauzo wa B2B katika maua na mimea
mfanyabiashara wa jumla katika maua na mimea
mchuuzi wa jumla katika maua na mimea
mfanyabiashara wa jumla aliyefuzu katika maua na mimea
naibu mfanyabiashara wa jumla katika maua na mimea
mfanyabiashara wa jumla mwanagenzi katika maua na mimea
mnunuzi wa jumla katika maua na mimea
mfanyabiashara mkuu wa jumla wa maua na mimea"
687671c1ebd2bf665349de27,http://data.europa.eu/esco/occupation/fa32eb3f-5c9f-4668-8f85-5eefb3badab8,forestry adviser,mshauri wa misitu,Mshauri wa Misitu,,Forestry advisers provide services and advice on economic and environmental issues related to timber and forestry management in compliance with laws and regulations.,Washauri wa misitu hutoa huduma na ushauri kuhusu masuala ya kiuchumi na kimazingira yanayohusiana na mbao na usimamizi wa misitu kwa kuzingatia sheria na kanuni.,Washauri wa misitu hutoa huduma na ushauri kuhusu masuala ya kiuchumi na kimazingira yanayohusiana na usimamizi wa mbao na misitu kwa kuzingatia sheria na kanuni.,,"meneja wa maeneo ya miti
mshauri wa misitu
mshauri wa misitu
mshauri wa maeneo ya miti
mtaalamu wa ukuzaji miti
mshauri wa misitu
washauri wa misitu",,"meneja wa misitu
mshauri wa misitu
mshauri wa maeneo ya misitu
mtaalamu wa silvikulcha
washauri wa misitu"
687671c1ebd2bf665349e259,http://data.europa.eu/esco/occupation/1084e2d6-b153-4090-8065-c9231f71d4f0,optical technician,fundi wa vifaa vya macho,Fundi wa Optiki,,"Optical technicians assemble, repair and design various parts of eyewear such as lenses, frames, patterns and eyewear. They cut, inspect, mount and polish all parts using various machinery and hand tools. Optical technicians shape, grind and coat lenses for prescription eyewear. They fit completed lenses into eyeglass frames. Optical technicians ensure that lenses conform to the dispensing optician’s, specialised doctor in ophtalmology's or optometrist's prescriptions. They may also work with other associated optical instrumentation and its maintenance.","Mafundi wa vifaa vya macho huunganisha, kukarabati na kubuni sehemu mbalimbali za miwani kama vile lenzi, fremu, na mifumo ya miwani. Wanakata, kukagua, kuweka na kusugua sehemu zote kwa kutumia mitambo mbalimbali na zana za mkono. Mafundi wa vifaa vya macho hutengeneza, kusaga na kuweka tabaka kwenye lenzi za miwani ya matibabu. Wanaweka lenzi zilizokamilika kwenye fremu za miwani. Mafundi wa vifaa vya macho huhakikisha kuwa lenzi zinaendana na maelezo ya mtaalamu wa kutoa miwani, daktari bingwa wa magonjwa ya macho au mtaalamu wa uoni. Wanaweza pia kufanya kazi na vifaa vingine vinavyohusiana na macho na matengenezo yake.","Mafundi wa optiki huunganisha, hukarabati na hubuni sehemu mbalimbali za miwani kama vile lenzi, fremu, ruwaza na miwani. Hukata, hukagua, huweka na kung'arisha sehemu zote wakitumia mashine mbalimbali na zana za mikono. Mafundi wa optiki hutengeneza umbo, husaga na kupaka lenzi kwa ajili ya miwani ya dawa. Huweka lenzi zilizokamilika kwenye fremu za miwani. Mafundi wa optiki huhakikisha kuwa lenzi zinafuata maagizo ya daktari wa miwani, daktari bingwa wa macho au daktari wa optometria. Wanaweza pia kufanya kazi na vyombo vingine vinavyohusiana na optiki na matengenezo yake.",,"Mkamilishaji, lenzi ya optiki
Mkati, kioo cha optiki
Mpasuaji, kioo cha optiki
mtengenezaji wa jicho bandia
mtengenezaji wa jicho la kioo bandia
mtengenezaji wa jicho la plastiki bandia
fundi wa optiki aliyethibitishwa
mtengenezaji wa lenzi za mguso
mkataji wa miwani
muunganishaji wa miwani
mbunifu wa miwani
mkaguzi wa miwani
mtengenezaji wa miwani
mkaguzi wa ubora wa miwani
mkarabati wa miwani
fundi wa miwani
mkaguzi wa lenzi
mtengenezaji wa lenzi
mpachikaji wa lenzi
mng'arishaji wa lenzi
fundi wa lenzi
mkaguzi wa macho
fundi wa maabara ya macho
mwanateknolojia wa maabara ya macho
fundi wa macho
mwanateknolojia wa macho
fundi wa ofthamolojia
opereta wa drili ya optiki
mpakaji wa vipengele vya optiki
fundi wa vyombo vya optiki
mkaguzi wa maabara ya optiki
makanika wa maabara ya optiki
fundi wa uzalishaji wa maabara ya optiki
makanika wa optiki
fundi wa optiki
fundi wa optiki
mfanyakazi wa optiki
fundi wa optometria
fundi mtaalamu wa uzalishaji wa optiki
mtengenezaji wa miwani
fundi wa miwani
fundi katika maabara ya macho
fundi katika uzalishaji wa optiki
fundi katika maabara ya uzalishaji wa optiki
mwanateknolojia katika maabara ya macho",,"Mkamilishaji wa lenzi za macho
Mkataji wa kioo cha macho
Mpasuaji wa kioo cha macho
mtengenezaji wa macho ya bandia
mtengenezaji wa macho ya kioo ya bandia
mtengenezaji wa macho ya plastiki ya bandia
fundi wa vifaa vya macho aliyeidhinishwa
mtengenezaji wa lenzi za mguso
mkataji wa kioo cha jicho
muunganishaji wa miwani
mbunifu wa miwani
mkaguzi wa miwani
mtengenezaji wa miwani
mkaguzi wa ubora wa miwani
fundi wa miwani
mkaguzi wa lenzi
mtengenezaji wa lenzi
mwekaji wa lenzi
msuguaji wa lenzi
fundi wa lenzi
mkaguzi wa macho
fundi wa maabara ya macho
mtaalamu wa teknolojia ya maabara ya macho
fundi wa macho
mtaalamu wa teknolojia ya macho
fundi wa oftalmolojia
waendeshaji wa mashine ya kutoboa vifaa vya macho
mwekaji wa tabaka kwenye vifaa vya macho
fundi wa vifaa vya macho
mkaguzi wa maabara ya vifaa vya macho
makanika wa maabara ya vifaa vya macho
fundi wa uzalishaji wa maabara ya vifaa vya macho
makanika wa vifaa vya macho
mtaalamu wa kiufundi wa vifaa vya macho
mfanyakazi wa vifaa vya macho
fundi wa optometria
fundi mtaalamu wa uzalishaji wa vifaa vya macho
fundi katika maabara ya macho
fundi katika uzalishaji wa vifaa vya macho
fundi katika maabara ya uzalishaji wa vifaa vya macho
mtaalamu wa teknolojia katika maabara ya macho"
687671c1ebd2bf665349e20c,http://data.europa.eu/esco/occupation/f1c8c186-bef9-4d72-9257-90fc4f992ab7,gas station operator,mwendeshaji wa kituo cha gesi,Opereta wa Kituo cha Gesi,,"Gas station operators process gases for compression, transmission or recovery by using gas, steam or electric engine compressors. They perform chemical tests on gases and are responsible for pumps and pipelines operations.","Waendeshaji wa kituo cha gesi husindika gesi kwa ajili ya mshinikizo, usafirishaji au urejeshaji kwa kutumia mashine za kushinikiza za gesi, mvuke au injini ya umeme. Wanafanya vipimo vya kemikali kwenye gesi na wanawajibika kwa uendeshaji wa pampu na mabomba.","Waendeshaji wa vituo vya gesi huchakata gesi kwa ajili ya mgandamizo, usafirishaji au urejeshaji kwa kutumia kompresa za injini za gesi, mvuke au umeme. Hufanya vipimo vya kikemikali kwenye gesi na wanawajibika kwa uendeshaji wa pampu na mabomba.",,"opereta wa kompresa ya butadieni
opereta wa kompresa ya gesi
opereta wa kompresa ya gesi na kituo cha kusukuma gesi
opereta wa kompresa ya gesi na kituo cha kusukuma gesi
opereta wa kituo cha kusukuma gesi
opereta wa kompresa ya buteni
opereta wa kompresa ya ethilini
opereta wa kituo cha kompresa ya gesi
opereta wa kompresa ya gesi
opereta wa kituo cha gesi
opereta wa kituo cha kusukuma gesi",,"mwendeshaji wa mashine ya kushinikiza butadieni
mfanyakazi wa mashine ya kushinikiza gesi
mwendeshaji wa mashine ya kushinikiza gesi na kituo cha kusukuma gesi
mfanyakazi wa mashine ya kushinikiza gesi na kituo cha kusukuma gesi
mfanyakazi wa kituo cha kusukuma gesi
mwendeshaji wa mashine ya kushinikiza buteni
mwendeshaji wa mashine ya kushinikiza etilini
mwendeshaji wa kituo cha mashine ya kushinikiza gesi
mwendeshaji wa mashine ya kushinikiza gesi
mwendeshaji wa kituo cha gesi
mwendeshaji wa kituo cha kusukuma gesi"
